ica_comparison/data_no_ica/A01E.mat	50688544	48.34 MB	dataset_or_signal	.mat	no	1765345275	5534ca50b48a
ica_comparison/data_no_ica/A01T.mat	50688544	48.34 MB	dataset_or_signal	.mat	no	1765345275	23681aba9b98
ica_comparison/data_no_ica/A02E.mat	50688544	48.34 MB	dataset_or_signal	.mat	no	1765345276	686f87e906cf
ica_comparison/data_no_ica/A02T.mat	50688544	48.34 MB	dataset_or_signal	.mat	no	1765345276	3298c11d3191
ica_comparison/data_no_ica/A03E.mat	50688544	48.34 MB	dataset_or_signal	.mat	no	1765345276	0fca3baf2d78
ica_comparison/data_no_ica/A03T.mat	50688544	48.34 MB	dataset_or_signal	.mat	no	1765345276	10972fcf113d
ica_comparison/data_no_ica/A04E.mat	50688544	48.34 MB	dataset_or_signal	.mat	no	1765345277	da8f555655f1
ica_comparison/data_no_ica/A04T.mat	50688544	48.34 MB	dataset_or_signal	.mat	no	1765345277	45dae5b84a91
ica_comparison/data_no_ica/A05E.mat	50688544	48.34 MB	dataset_or_signal	.mat	no	1765345278	a8acf085356d
ica_comparison/data_no_ica/A05T.mat	50688544	48.34 MB	dataset_or_signal	.mat	no	1765345278	8156c64b2c13
ica_comparison/data_no_ica/A06E.mat	50688544	48.34 MB	dataset_or_signal	.mat	no	1765345279	62015e1c3405
ica_comparison/data_no_ica/A06T.mat	50688544	48.34 MB	dataset_or_signal	.mat	no	1765345279	2d0f73545c9d
ica_comparison/data_no_ica/A07E.mat	50688544	48.34 MB	dataset_or_signal	.mat	no	1765345280	2e6d1a9f22c6
ica_comparison/data_no_ica/A07T.mat	50688544	48.34 MB	dataset_or_signal	.mat	no	1765345280	b5149f868cef
ica_comparison/data_no_ica/A08E.mat	50688544	48.34 MB	dataset_or_signal	.mat	no	1765345280	9fac58b089bb
ica_comparison/data_no_ica/A08T.mat	50688544	48.34 MB	dataset_or_signal	.mat	no	1765345280	38afc5dd4aa9
ica_comparison/data_no_ica/A09E.mat	50688544	48.34 MB	dataset_or_signal	.mat	no	1765345281	ea690b89ed87
ica_comparison/data_no_ica/A09T.mat	50688544	48.34 MB	dataset_or_signal	.mat	no	1765345281	cfb5bf9e4633
ica_comparison/data_with_ica/A01E.mat	50688544	48.34 MB	dataset_or_signal	.mat	no	1765345415	ec3106410a1b
ica_comparison/data_with_ica/A01T.mat	50688544	48.34 MB	dataset_or_signal	.mat	no	1765345415	2730642a2f50
ica_comparison/data_with_ica/A02E.mat	50688544	48.34 MB	dataset_or_signal	.mat	no	1765345543	7560f4628f9f
ica_comparison/data_with_ica/A02T.mat	50688544	48.34 MB	dataset_or_signal	.mat	no	1765345543	1267ade2c6ea
ica_comparison/data_with_ica/A03E.mat	50688544	48.34 MB	dataset_or_signal	.mat	no	1765345677	5470adb20795
ica_comparison/data_with_ica/A03T.mat	50688544	48.34 MB	dataset_or_signal	.mat	no	1765345677	db5ae5a9791c
ica_comparison/data_with_ica/A04E.mat	50688544	48.34 MB	dataset_or_signal	.mat	no	1765345809	548b7bc5ebcf
ica_comparison/data_with_ica/A04T.mat	50688544	48.34 MB	dataset_or_signal	.mat	no	1765345809	ab4897a2798b
ica_comparison/data_with_ica/A05E.mat	50688544	48.34 MB	dataset_or_signal	.mat	no	1765345936	ec7b9534b602
ica_comparison/data_with_ica/A05T.mat	50688544	48.34 MB	dataset_or_signal	.mat	no	1765345936	90335aa9615c
ica_comparison/data_with_ica/A06E.mat	50688544	48.34 MB	dataset_or_signal	.mat	no	1765346053	be4db8329041
ica_comparison/data_with_ica/A06T.mat	50688544	48.34 MB	dataset_or_signal	.mat	no	1765346053	db6aaa04cc89
ica_comparison/data_with_ica/A07E.mat	50688544	48.34 MB	dataset_or_signal	.mat	no	1765346173	c4194b38ded4
ica_comparison/data_with_ica/A07T.mat	50688544	48.34 MB	dataset_or_signal	.mat	no	1765346173	2ebaf228a84e
ica_comparison/data_with_ica/A08E.mat	50688544	48.34 MB	dataset_or_signal	.mat	no	1765346290	b95d134fb3b5
ica_comparison/data_with_ica/A08T.mat	50688544	48.34 MB	dataset_or_signal	.mat	no	1765346290	de1596307b5d
ica_comparison/data_with_ica/A09E.mat	50688544	48.34 MB	dataset_or_signal	.mat	no	1765346381	dd49b2dba9dc
ica_comparison/data_with_ica/A09T.mat	50688544	48.34 MB	dataset_or_signal	.mat	no	1765346381	99473008c77b
mymat_raw/B08T.mat	10563776	10.07 MB	dataset_or_signal	.mat	no	1762036216	93ea87960df1
mymat_raw/B04T.mat	10083616	9.62 MB	dataset_or_signal	.mat	no	1762036215	60c419c32cf3
mymat_raw/B05T.mat	10083616	9.62 MB	dataset_or_signal	.mat	no	1762036215	482d46d401b9
mymat_raw/B01T.mat	9603456	9.16 MB	dataset_or_signal	.mat	no	1762036214	ed1f990a7b0d
mymat_raw/B02T.mat	9603456	9.16 MB	dataset_or_signal	.mat	no	1762036214	a84ab6f2385e
mymat_raw/B03T.mat	9603456	9.16 MB	dataset_or_signal	.mat	no	1762036215	f1167beca711
mymat_raw/B06T.mat	9603456	9.16 MB	dataset_or_signal	.mat	no	1762036215	a78afb22b116
mymat_raw/B07T.mat	9603456	9.16 MB	dataset_or_signal	.mat	no	1762036216	28d72095ada1
mymat_raw/B09T.mat	9603456	9.16 MB	dataset_or_signal	.mat	no	1762036216	adf08805e1f1
mymat_raw/B01E.mat	7682816	7.33 MB	dataset_or_signal	.mat	no	1762036216	ee8e30d0537b
mymat_raw/B03E.mat	7682816	7.33 MB	dataset_or_signal	.mat	no	1762036216	4df07900def9
mymat_raw/B04E.mat	7682816	7.33 MB	dataset_or_signal	.mat	no	1762036217	bd6186001c5d
mymat_raw/B05E.mat	7682816	7.33 MB	dataset_or_signal	.mat	no	1762036217	2f3863d5a28e
mymat_raw/B06E.mat	7682816	7.33 MB	dataset_or_signal	.mat	no	1762036217	8582cf16d511
mymat_raw/B07E.mat	7682816	7.33 MB	dataset_or_signal	.mat	no	1762036217	41c127d49c13
mymat_raw/B08E.mat	7682816	7.33 MB	dataset_or_signal	.mat	no	1762036217	28a9d156fad6
mymat_raw/B09E.mat	7682816	7.33 MB	dataset_or_signal	.mat	no	1762036218	447c26d0f919
mymat_raw/B02E.mat	6722496	6.41 MB	dataset_or_signal	.mat	no	1762036216	afcdff09ed86
Braindecoder/braindecode-1.1.1/docs/_static/braindecode_symbol.png	5165670	4.93 MB	image_or_figure	.png	no	1755342342	de6535ef4643
Methodology/week_2026_03_04.pdf	2459636	2.35 MB	document	.pdf	no	1773196188	19537cc7412e
Methodology/week_2026_03_11.pdf	2376984	2.27 MB	document	.pdf	no	1773244016	516db8761ed1
Methodology/week_2026_02_24.pdf	1911828	1.82 MB	document	.pdf	no	1771990919	50688467e8a5
outputs/openbci_test/openbci_eeg_visualization.png	1730881	1.65 MB	image_or_figure	.png	no	1773177056	11a29e87cf18
outputs/preprocessing/A01T/plots/ica_components_00.png	798414	0.76 MB	image_or_figure	.png	no	1772591825	700766f914c0
outputs/physionet_ctnet_109sub_v2/pool/model_pool.pth	686022	0.65 MB	model_or_pickle	.pth	no	1773267222	16e77902b2ca
outputs/physionet_no_filter/pool/model_pool.pth	686022	0.65 MB	model_or_pickle	.pth	no	1774313579	93480f1837bd
outputs/physionet_with_filter/pool/model_pool.pth	686022	0.65 MB	model_or_pickle	.pth	no	1774313663	b565d9491b83
CTNet_no_ica_20251210_060113/model_1.pth	678805	0.65 MB	model_or_pickle	.pth	no	1765346748	c4e84a99621c
CTNet_no_ica_20251210_060113/model_2.pth	678805	0.65 MB	model_or_pickle	.pth	no	1765347029	cf467a5844b3
CTNet_no_ica_20251210_060113/model_3.pth	678805	0.65 MB	model_or_pickle	.pth	no	1765347338	4f8fc20a26c7
CTNet_no_ica_20251210_060113/model_4.pth	678805	0.65 MB	model_or_pickle	.pth	no	1765347649	900974719483
CTNet_no_ica_20251210_060113/model_5.pth	678805	0.65 MB	model_or_pickle	.pth	no	1765347959	88dd97426c30
CTNet_no_ica_20251210_060113/model_6.pth	678805	0.65 MB	model_or_pickle	.pth	no	1765348200	ecaa997516e3
CTNet_no_ica_20251210_060113/model_7.pth	678805	0.65 MB	model_or_pickle	.pth	no	1765348641	ba64fa2e2c9d
CTNet_no_ica_20251210_060113/model_8.pth	678805	0.65 MB	model_or_pickle	.pth	no	1765348933	29b69a7eb644
CTNet_no_ica_20251210_060113/model_9.pth	678805	0.65 MB	model_or_pickle	.pth	no	1765349359	ab07a74539fb
CTNet_with_ica_20251210_060113/model_1.pth	678805	0.65 MB	model_or_pickle	.pth	no	1765349730	dd883465e3d3
CTNet_with_ica_20251210_060113/model_2.pth	678805	0.65 MB	model_or_pickle	.pth	no	1765350136	87a8631fc4fe
CTNet_with_ica_20251210_060113/model_3.pth	678805	0.65 MB	model_or_pickle	.pth	no	1765350500	f67105284409
CTNet_with_ica_20251210_060113/model_4.pth	678805	0.65 MB	model_or_pickle	.pth	no	1765350972	ad96a98a3a9e
CTNet_with_ica_20251210_060113/model_5.pth	678805	0.65 MB	model_or_pickle	.pth	no	1765351388	a0356323a293
CTNet_with_ica_20251210_060113/model_6.pth	678805	0.65 MB	model_or_pickle	.pth	no	1765351834	0cd30c552492
CTNet_with_ica_20251210_060113/model_7.pth	678805	0.65 MB	model_or_pickle	.pth	no	1765352334	a5973ec2aaa8
CTNet_with_ica_20251210_060113/model_8.pth	678805	0.65 MB	model_or_pickle	.pth	no	1765352697	f37c370256dd
CTNet_with_ica_20251210_060113/model_9.pth	678805	0.65 MB	model_or_pickle	.pth	no	1765353199	ecc51754eb32
outputs/physionet_ctnet_109sub_v2/checkpoint_ep100.pth	652776	0.62 MB	model_or_pickle	.pth	no	1773264502	381a7862d32c
outputs/physionet_ctnet_109sub_v2/checkpoint_ep150.pth	652776	0.62 MB	model_or_pickle	.pth	no	1773264828	7dc1286f0b66
outputs/physionet_ctnet_109sub_v2/checkpoint_ep200.pth	652776	0.62 MB	model_or_pickle	.pth	no	1773265157	9f1082ff9ba8
outputs/physionet_ctnet_109sub_v2/checkpoint_ep250.pth	652776	0.62 MB	model_or_pickle	.pth	no	1773265483	24af77e4ad52
outputs/physionet_ctnet_109sub_v2/checkpoint_ep300.pth	652776	0.62 MB	model_or_pickle	.pth	no	1773265809	7b41544ed481
outputs/physionet_ctnet_109sub_v2/checkpoint_ep350.pth	652776	0.62 MB	model_or_pickle	.pth	no	1773266136	3020bd6b5c37
outputs/physionet_ctnet_109sub_v2/checkpoint_ep400.pth	652776	0.62 MB	model_or_pickle	.pth	no	1773266463	bcb789015ecf
outputs/physionet_ctnet_109sub_v2/checkpoint_ep450.pth	652776	0.62 MB	model_or_pickle	.pth	no	1773266789	2f35ff98dd0d
outputs/physionet_ctnet_109sub_v2/checkpoint_ep500.pth	652776	0.62 MB	model_or_pickle	.pth	no	1773267118	b0738e6ee5d3
outputs/physionet_no_filter/checkpoint_ep100.pth	652776	0.62 MB	model_or_pickle	.pth	no	1774313579	06fe71aed322
outputs/physionet_with_filter/checkpoint_ep100.pth	652776	0.62 MB	model_or_pickle	.pth	no	1774313663	cca35bd05124
outputs/physionet_ctnet_109sub_v2/checkpoint_ep50.pth	652653	0.62 MB	model_or_pickle	.pth	no	1773264176	4ea4af4447d8
outputs/physionet_no_filter/checkpoint_ep50.pth	652653	0.62 MB	model_or_pickle	.pth	no	1774313543	145facdc85d9
outputs/physionet_with_filter/checkpoint_ep50.pth	652653	0.62 MB	model_or_pickle	.pth	no	1774313627	d66fba626438
outputs/comparison_v1_v2_brainflow/v2_vs_brainflow_pos_vs_time.png	615881	0.59 MB	image_or_figure	.png	no	1773191784	0e5273caebcf
outputs/eeg_physical_control/comparison.png	592397	0.56 MB	image_or_figure	.png	no	1773184744	0fce2301f860
Methodology/week_2026_02_17.pdf	519925	0.50 MB	document	.pdf	no	1771375406	fff0d77aa351
B_heads_2_depth_6_loso_b_low_aug_20251102_170254/process_train.xlsx	478380	0.46 MB	structured_data_or_config	.xlsx	no	1762176194	b108ead6bf58
A_heads_2_depth_6_loso_a_low_aug_20251102_170252/process_train.xlsx	475960	0.45 MB	structured_data_or_config	.xlsx	no	1762227210	522b14a34426
outputs/8dir_comprehensive_test_v2/all_pos_vs_time.png	428308	0.41 MB	image_or_figure	.png	no	1773195064	04338c3dcd21
outputs/8dir_comprehensive_test/all_pos_vs_time.png	406206	0.39 MB	image_or_figure	.png	no	1773185659	172fac2aa66f
outputs/preprocessing/A01T/baseline_batch.json	406192	0.39 MB	result_or_log	.json	no	1772591825	34391616d842
Methodology/ZhengXu_CV_v3.pdf	390349	0.37 MB	document	.pdf	no	1772907539	a21945e9603f
A_heads_2_depth_6_full_a_1762043947/process_train.xlsx	379637	0.36 MB	structured_data_or_config	.xlsx	no	1762046559	37839ddb5b67
B_heads_2_depth_6_full_b_1762055916/process_train.xlsx	378335	0.36 MB	structured_data_or_config	.xlsx	no	1762057519	2b4c14c65b6a
outputs/target_radius_comparison.png	354077	0.34 MB	image_or_figure	.png	no	1772591825	eb0c892ec3cd
Methodology/11314389_Risk_Assessment_Form_v2.pdf	304133	0.29 MB	document	.pdf	no	1772591824	89d349c218d9
Methodology/methodology_v7.pdf	302486	0.29 MB	document	.pdf	no	1772591824	0f401cc166aa
Methodology/methodology_v6.pdf	293967	0.28 MB	document	.pdf	no	1770770660	7781b292846b
outputs/multi_subject_sequence_adaptive/subject_8_position_vs_time.png	286765	0.27 MB	image_or_figure	.png	no	1772591824	0805bb35be3a
outputs/multi_subject_sequence_adaptive/subject_5_position_vs_time.png	285930	0.27 MB	image_or_figure	.png	no	1772591824	a6d774ac0133
outputs/multi_subject_sequence_precise/subject_8_position_vs_time.png	280990	0.27 MB	image_or_figure	.png	no	1772591824	176d49471adc
outputs/multi_subject_sequence_precise/subject_5_position_vs_time.png	280334	0.27 MB	image_or_figure	.png	no	1772591824	aa8db90235f7
CTNet_with_ica_20251210_060113/confusion_matrix_subject_all_subjects.png	271205	0.26 MB	image_or_figure	.png	no	1765353302	86b515f96b7d
outputs/step_size_comparison.png	269582	0.26 MB	image_or_figure	.png	no	1771990919	80a02712e853
outputs/multi_subject_sequence_optimal/subject_8_position_vs_time.png	268863	0.26 MB	image_or_figure	.png	no	1772591824	cf0d718af23d
CTNet_no_ica_20251210_060113/confusion_matrix_subject_all_subjects.png	268541	0.26 MB	image_or_figure	.png	no	1765349375	24a0a66951dc
outputs/multi_subject_sequence_smooth/subject_8_position_vs_time.png	266062	0.25 MB	image_or_figure	.png	no	1772591824	f3b9bd7a3485
outputs/multi_subject_sequence_optimal/subject_5_position_vs_time.png	265439	0.25 MB	image_or_figure	.png	no	1772591824	e0ab95553788
outputs/multi_subject_sequence_smooth/subject_5_position_vs_time.png	264528	0.25 MB	image_or_figure	.png	no	1772591824	a66cb366f152
outputs/multi_subject_sequence_rule/subject_8_position_vs_time.png	263827	0.25 MB	image_or_figure	.png	no	1772591824	7a970cb6b1a2
outputs/multi_subject_sequence_rule/subject_5_position_vs_time.png	263307	0.25 MB	image_or_figure	.png	no	1772591824	fd13381f6732
outputs/multi_subject_sequence_adaptive/subject_7_position_vs_time.png	255940	0.24 MB	image_or_figure	.png	no	1772591824	3def4574d6d6
outputs/multi_subject_sequence_adaptive/subject_6_position_vs_time.png	253363	0.24 MB	image_or_figure	.png	no	1772591824	921cabce0e2c
outputs/physical_8dir_test/subject_6_position_vs_time.png	253076	0.24 MB	image_or_figure	.png	no	1772570034	57d04885227d
outputs/multi_subject_sequence_precise/subject_6_position_vs_time.png	252683	0.24 MB	image_or_figure	.png	no	1772591824	b81e5137ac61
outputs/multi_subject_sequence_precise/subject_7_position_vs_time.png	251863	0.24 MB	image_or_figure	.png	no	1772591824	53a5db641713
CTNet_with_ica_20251210_060113/confusion_matrix_subject_6.png	251680	0.24 MB	image_or_figure	.png	no	1765351871	922c3ab26f3c
CTNet_no_ica_20251210_060113/confusion_matrix_subject_8.png	249902	0.24 MB	image_or_figure	.png	no	1765349005	a50f3232a380
CTNet_no_ica_20251210_060113/confusion_matrix_subject_5.png	247729	0.24 MB	image_or_figure	.png	no	1765347966	9c8104b966a3
CTNet_with_ica_20251210_060113/confusion_matrix_subject_4.png	246676	0.24 MB	image_or_figure	.png	no	1765350974	41cd20cb3e42
outputs/multi_subject_sequence_smooth/subject_7_position_vs_time.png	246385	0.23 MB	image_or_figure	.png	no	1772591824	526f7d2303d0
CTNet_with_ica_20251210_060113/confusion_matrix_subject_5.png	245564	0.23 MB	image_or_figure	.png	no	1765351415	5842e0a9975e
CTNet_no_ica_20251210_060113/confusion_matrix_subject_6.png	245444	0.23 MB	image_or_figure	.png	no	1765348301	2d5076846659
CTNet_no_ica_20251210_060113/confusion_matrix_subject_4.png	242731	0.23 MB	image_or_figure	.png	no	1765347653	fd29221b68b8
CTNet_no_ica_20251210_060113/confusion_matrix_subject_9.png	242140	0.23 MB	image_or_figure	.png	no	1765349375	a8e4a67e5df9
CTNet_with_ica_20251210_060113/confusion_matrix_subject_7.png	241115	0.23 MB	image_or_figure	.png	no	1765352340	3182d50378f0
CTNet_no_ica_20251210_060113/confusion_matrix_subject_2.png	240798	0.23 MB	image_or_figure	.png	no	1765347038	2fb1aed74cd9
CTNet_with_ica_20251210_060113/confusion_matrix_subject_9.png	240761	0.23 MB	image_or_figure	.png	no	1765353302	d4826941d477
CTNet_with_ica_20251210_060113/process_train.xlsx	240063	0.23 MB	structured_data_or_config	.xlsx	no	1765353302	add27c124172
CTNet_no_ica_20251210_060113/process_train.xlsx	239715	0.23 MB	structured_data_or_config	.xlsx	no	1765349375	dd358f7fe924
CTNet_no_ica_20251210_060113/confusion_matrix_subject_7.png	239276	0.23 MB	image_or_figure	.png	no	1765348642	402a4b090ab7
outputs/comparison_v1_v2_brainflow/unified_error_comparison.png	238889	0.23 MB	image_or_figure	.png	no	1773195994	298cd9d832df
CTNet_with_ica_20251210_060113/confusion_matrix_subject_3.png	238866	0.23 MB	image_or_figure	.png	no	1765350553	b67a6a342310
outputs/multi_subject_sequence_adaptive/subject_3_position_vs_time.png	238009	0.23 MB	image_or_figure	.png	no	1772591824	9a48abffd3dc
outputs/multi_subject_sequence_adaptive/subject_2_position_vs_time.png	237944	0.23 MB	image_or_figure	.png	no	1772591824	9b7c7a9e6d4c
outputs/multi_subject_sequence_adaptive/subject_4_position_vs_time.png	237469	0.23 MB	image_or_figure	.png	no	1772591824	672328173c33
outputs/comparison_v1_v2_brainflow/v1_vs_v2_comparison.png	237258	0.23 MB	image_or_figure	.png	no	1773191784	ec3c123cd282
CTNet_no_ica_20251210_060113/confusion_matrix_subject_1.png	237024	0.23 MB	image_or_figure	.png	no	1765346750	9fdd15024840
outputs/multi_subject_sequence_adaptive/subject_1_position_vs_time.png	236828	0.23 MB	image_or_figure	.png	no	1772591824	7377e2de04ae
outputs/multi_subject_sequence_optimal/subject_7_position_vs_time.png	236113	0.23 MB	image_or_figure	.png	no	1772591824	b66f1ec09500
outputs/multi_subject_sequence_rule/subject_7_position_vs_time.png	236035	0.23 MB	image_or_figure	.png	no	1772591824	65902417287a
outputs/multi_subject_sequence_rule/subject_6_position_vs_time.png	234858	0.22 MB	image_or_figure	.png	no	1772591824	a3d1dca3cb53
outputs/multi_subject_sequence_smooth/subject_6_position_vs_time.png	234858	0.22 MB	image_or_figure	.png	no	1772591824	a3d1dca3cb53
CTNet_with_ica_20251210_060113/confusion_matrix_subject_8.png	233690	0.22 MB	image_or_figure	.png	no	1765352814	3fa68afd8f65
CTNet_with_ica_20251210_060113/confusion_matrix_subject_1.png	233544	0.22 MB	image_or_figure	.png	no	1765349753	2da40c44da60
Methodology/final_report_draft_v7.pdf	232906	0.22 MB	document	.pdf	no	1776383868	90a2f15dd23d
outputs/multi_subject_sequence_optimal/subject_6_position_vs_time.png	231675	0.22 MB	image_or_figure	.png	no	1772591824	32ba2049aa5c
outputs/multi_subject_sequence_optimal/subject_3_position_vs_time.png	231237	0.22 MB	image_or_figure	.png	no	1772591824	c5042e134b9e
outputs/multi_subject_sequence_precise/subject_3_position_vs_time.png	230723	0.22 MB	image_or_figure	.png	no	1772591824	c6eb3d94f86d
outputs/multi_subject_sequence_precise/subject_2_position_vs_time.png	230415	0.22 MB	image_or_figure	.png	no	1772591824	6403f232a950
outputs/multi_subject_sequence_smooth/subject_3_position_vs_time.png	230320	0.22 MB	image_or_figure	.png	no	1772591824	2f59d4f33e3d
outputs/multi_subject_sequence_optimal/subject_2_position_vs_time.png	230078	0.22 MB	image_or_figure	.png	no	1772591824	e731a9f62c9d
outputs/multi_subject_sequence_optimal/subject_1_position_vs_time.png	229860	0.22 MB	image_or_figure	.png	no	1772591824	695e96147d91
outputs/multi_subject_sequence_precise/subject_4_position_vs_time.png	229859	0.22 MB	image_or_figure	.png	no	1772591824	578fe9ac2a6b
outputs/multi_subject_sequence_smooth/subject_4_position_vs_time.png	229845	0.22 MB	image_or_figure	.png	no	1772591824	bed46af1c746
outputs/multi_subject_sequence_precise/subject_1_position_vs_time.png	229726	0.22 MB	image_or_figure	.png	no	1772591824	6a078edbb407
outputs/test_small_radius/subject_1_position_vs_time.png	229726	0.22 MB	image_or_figure	.png	no	1772591825	6a078edbb407
outputs/multi_subject_sequence_smooth/subject_2_position_vs_time.png	229456	0.22 MB	image_or_figure	.png	no	1772591824	90d68aa4cbc0
CTNet_with_ica_20251210_060113/confusion_matrix_subject_2.png	229198	0.22 MB	image_or_figure	.png	no	1765350146	5ba0eca44e12
CTNet_A_heads_4_depth_6_1765338642/process_train.xlsx	229049	0.22 MB	structured_data_or_config	.xlsx	no	1765340780	a1d42377068f
outputs/multi_subject_sequence_rule/subject_3_position_vs_time.png	228705	0.22 MB	image_or_figure	.png	no	1772591824	1c656c74908d
outputs/multi_subject_sequence_rule/subject_2_position_vs_time.png	227472	0.22 MB	image_or_figure	.png	no	1772591824	4dcd56a9c86d
outputs/multi_subject_sequence_rule/subject_1_position_vs_time.png	227312	0.22 MB	image_or_figure	.png	no	1772591824	33300d89b1af
outputs/multi_subject_sequence_smooth/subject_1_position_vs_time.png	227216	0.22 MB	image_or_figure	.png	no	1772591824	ac0de869b3dd
outputs/multi_subject_sequence_rule/subject_4_position_vs_time.png	227027	0.22 MB	image_or_figure	.png	no	1772591824	ed0d55a49247
outputs/multi_subject_sequence_optimal/subject_4_position_vs_time.png	225361	0.21 MB	image_or_figure	.png	no	1772591824	1748063222f2
CTNet_no_ica_20251210_060113/confusion_matrix_subject_3.png	225349	0.21 MB	image_or_figure	.png	no	1765347340	891a46fab9bb
outputs/comprehensive_comparison.png	224960	0.21 MB	image_or_figure	.png	no	1771990919	2575a9595fa9
Methodology/ctnet_framework.png	216309	0.21 MB	image_or_figure	.png	no	1773680721	a3a3a4d2e36c
outputs/comparison_dqn_vs_rule/all_subjects_comparison.png	208695	0.20 MB	image_or_figure	.png	no	1772591824	cf76468c61d2
outputs/comparison_precision/subject_8_precision_comparison.png	199979	0.19 MB	image_or_figure	.png	no	1772591824	5393247a6e71
outputs/comparison_precision/subject_5_precision_comparison.png	199898	0.19 MB	image_or_figure	.png	no	1772591824	e180e60bd40f
outputs/comparison_dqn_vs_rule/subject_8_pos_vs_time.png	199202	0.19 MB	image_or_figure	.png	no	1772591824	aef38a11997e
outputs/comparison_dqn_vs_rule/subject_5_pos_vs_time.png	197550	0.19 MB	image_or_figure	.png	no	1772591824	ba00ac978cf7
Methodology/final_report_draft_v6.pdf	192259	0.18 MB	document	.pdf	no	1773785796	cb1908583c3d
Methodology/11314389_final_report_draft_v6.pdf	190686	0.18 MB	document	.pdf	no	1773784709	d51471881dd9
outputs/multi_subject_sequence_smooth/all_subjects_comparison.png	186938	0.18 MB	image_or_figure	.png	no	1772591824	f5e35c7a2764
outputs/comparison_precision/subject_7_precision_comparison.png	184751	0.18 MB	image_or_figure	.png	no	1772591824	9f48b0276182
Methodology/final_report_draft_v2.pdf	184729	0.18 MB	document	.pdf	no	1773756886	3e6432f7a28b
outputs/comparison_precision/subject_6_precision_comparison.png	184498	0.18 MB	image_or_figure	.png	no	1772591824	3e6702a2b3b6
outputs/multi_subject_sequence_optimal/all_subjects_comparison.png	184254	0.18 MB	image_or_figure	.png	no	1772591824	bc8ce57ce22d
outputs/multi_subject_sequence_precise/all_subjects_comparison.png	183645	0.18 MB	image_or_figure	.png	no	1772591824	585a5b091280
outputs/multi_subject_sequence_adaptive/all_subjects_comparison.png	183154	0.17 MB	image_or_figure	.png	no	1772591824	614edda94284
outputs/preprocessing/A01T/baseline_batch.png	182923	0.17 MB	image_or_figure	.png	no	1772591825	eafde2b16321
outputs/comparison_dqn_vs_rule/subject_6_pos_vs_time.png	181662	0.17 MB	image_or_figure	.png	no	1772591824	434fcfacd6e3
outputs/multi_subject_sequence_rule/all_subjects_comparison.png	179665	0.17 MB	image_or_figure	.png	no	1772591824	59ef7dd245fc
outputs/comparison_dqn_vs_rule/subject_7_pos_vs_time.png	179646	0.17 MB	image_or_figure	.png	no	1772591824	301337da4592
CTNet_A_heads_4_depth_6_1765338642/model_1.pth	178517	0.17 MB	model_or_pickle	.pth	no	1765338789	7d8271944c2a
CTNet_A_heads_4_depth_6_1765338642/model_2.pth	178517	0.17 MB	model_or_pickle	.pth	no	1765339059	aac4ba3006f5
CTNet_A_heads_4_depth_6_1765338642/model_3.pth	178517	0.17 MB	model_or_pickle	.pth	no	1765339217	702c843c2659
CTNet_A_heads_4_depth_6_1765338642/model_4.pth	178517	0.17 MB	model_or_pickle	.pth	no	1765339574	72dbca6cf072
CTNet_A_heads_4_depth_6_1765338642/model_5.pth	178517	0.17 MB	model_or_pickle	.pth	no	1765339848	f3ba97fa5ec0
CTNet_A_heads_4_depth_6_1765338642/model_6.pth	178517	0.17 MB	model_or_pickle	.pth	no	1765339978	671485fb5b34
CTNet_A_heads_4_depth_6_1765338642/model_7.pth	178517	0.17 MB	model_or_pickle	.pth	no	1765340192	b427c76ca048
CTNet_A_heads_4_depth_6_1765338642/model_8.pth	178517	0.17 MB	model_or_pickle	.pth	no	1765340438	804a66b5227c
CTNet_A_heads_4_depth_6_1765338642/model_9.pth	178517	0.17 MB	model_or_pickle	.pth	no	1765340747	786b2ba65dd5
CTNet_quick_A_1765333805/model_1.pth	176917	0.17 MB	model_or_pickle	.pth	no	1765333809	71afc03bf1b4
CTNet_quick_A_1765333879/model_1.pth	176917	0.17 MB	model_or_pickle	.pth	no	1765333883	a0062f4faab6
CTNet_quick_A_1765333975/model_1.pth	176917	0.17 MB	model_or_pickle	.pth	no	1765333979	cef0cde683eb
CTNet_quick_A_1765334074/model_1.pth	176917	0.17 MB	model_or_pickle	.pth	no	1765334084	59a4794e67a6
outputs/batch512_run/model_1.pth	176917	0.17 MB	model_or_pickle	.pth	no	1765334186	0b09a75ffc30
outputs/batch72_run/model_1.pth	176917	0.17 MB	model_or_pickle	.pth	no	1765334126	b2459da68af3
A_heads_2_depth_6/model_1.pth	171095	0.16 MB	model_or_pickle	.pth	no	1762039163	6a5b6686ae19
A_heads_2_depth_6_full_a_1762043947/model_1.pth	171095	0.16 MB	model_or_pickle	.pth	no	1762044208	8f8ce8522636
A_heads_2_depth_6_full_a_1762043947/model_2.pth	171095	0.16 MB	model_or_pickle	.pth	no	1762044518	e194591b17e0
A_heads_2_depth_6_full_a_1762043947/model_3.pth	171095	0.16 MB	model_or_pickle	.pth	no	1762044797	e72535e03ffb
A_heads_2_depth_6_full_a_1762043947/model_4.pth	171095	0.16 MB	model_or_pickle	.pth	no	1762045095	b42e9796ab2a
A_heads_2_depth_6_full_a_1762043947/model_5.pth	171095	0.16 MB	model_or_pickle	.pth	no	1762045390	aa6005b372eb
A_heads_2_depth_6_full_a_1762043947/model_6.pth	171095	0.16 MB	model_or_pickle	.pth	no	1762045657	e1d7b7c9a163
A_heads_2_depth_6_full_a_1762043947/model_7.pth	171095	0.16 MB	model_or_pickle	.pth	no	1762045981	8b925e79ea90
A_heads_2_depth_6_full_a_1762043947/model_8.pth	171095	0.16 MB	model_or_pickle	.pth	no	1762046233	3cf352508914
A_heads_2_depth_6_full_a_1762043947/model_9.pth	171095	0.16 MB	model_or_pickle	.pth	no	1762046519	efd8414804c6
A_heads_2_depth_6_full_a_low_aug_20251102_165630/model_1.pth	171095	0.16 MB	model_or_pickle	.pth	no	1762102837	7077668d0264
A_heads_2_depth_6_loso_a_1762057543/model_1.pth	171095	0.16 MB	model_or_pickle	.pth	no	1762067005	a4b13e9b094a
A_heads_2_depth_6_loso_a_1762057543/model_2.pth	171095	0.16 MB	model_or_pickle	.pth	no	1762076027	097baba32313
A_heads_2_depth_6_loso_a_1762057543/model_3.pth	171095	0.16 MB	model_or_pickle	.pth	no	1762088617	46fb9ffbd278
A_heads_2_depth_6_loso_a_1762057543/model_4.pth	171095	0.16 MB	model_or_pickle	.pth	no	1762089914	8b83453df27d
A_heads_2_depth_6_loso_a_20251102_143037/model_1.pth	171095	0.16 MB	model_or_pickle	.pth	no	1762095100	075b815b1f5e
A_heads_2_depth_6_loso_a_low_aug_20251102_170252/model_1.pth	171095	0.16 MB	model_or_pickle	.pth	no	1762117161	a19b9978ed12
A_heads_2_depth_6_loso_a_low_aug_20251102_170252/model_2.pth	171095	0.16 MB	model_or_pickle	.pth	no	1762130408	4cc432adeafc
A_heads_2_depth_6_loso_a_low_aug_20251102_170252/model_3.pth	171095	0.16 MB	model_or_pickle	.pth	no	1762160009	68c098994f87
A_heads_2_depth_6_loso_a_low_aug_20251102_170252/model_4.pth	171095	0.16 MB	model_or_pickle	.pth	no	1762176939	295af256619c
A_heads_2_depth_6_loso_a_low_aug_20251102_170252/model_5.pth	171095	0.16 MB	model_or_pickle	.pth	no	1762187771	a11c8f3dfc0c
A_heads_2_depth_6_loso_a_low_aug_20251102_170252/model_6.pth	171095	0.16 MB	model_or_pickle	.pth	no	1762197859	0c43dfa4a32f
A_heads_2_depth_6_loso_a_low_aug_20251102_170252/model_7.pth	171095	0.16 MB	model_or_pickle	.pth	no	1762207093	166d79df7a4b
A_heads_2_depth_6_loso_a_low_aug_20251102_170252/model_8.pth	171095	0.16 MB	model_or_pickle	.pth	no	1762216967	bae21058a7d1
A_heads_2_depth_6_loso_a_low_aug_20251102_170252/model_9.pth	171095	0.16 MB	model_or_pickle	.pth	no	1762226983	1888c9c65b27
A_heads_2_depth_6_loso_a_resume2_20251102_163420/model_4.pth	171095	0.16 MB	model_or_pickle	.pth	no	1762102631	4a5b02f0027d
A_heads_2_depth_6_loso_a_resume_20251102_160809/model_4.pth	171095	0.16 MB	model_or_pickle	.pth	no	1762101016	b38bf9e09c13
A_heads_2_depth_6_smoke_a/model_1.pth	171095	0.16 MB	model_or_pickle	.pth	no	1762040566	0731a72aaf9f
A_heads_2_depth_6_smoke_a_v2/model_1.pth	171095	0.16 MB	model_or_pickle	.pth	no	1762091844	b8dacc8e33d1
Methodology/11314389_final_report_draft_v4.pdf	170657	0.16 MB	document	.pdf	no	1773779710	14ba49f6dc49
Methodology/final_report_draft_v4.pdf	170657	0.16 MB	document	.pdf	no	1773779710	14ba49f6dc49
Methodology/week_2026_03_17.pdf	168410	0.16 MB	document	.pdf	no	1773837742	e14159a5f543
Braindecoder/braindecode-1.1.1/docs/_static/model/biot.jpg	168158	0.16 MB	image_or_figure	.jpg	no	1755342342	e3cdfd71429b
B_heads_2_depth_6_full_b_1762055916/model_1.pth	167959	0.16 MB	model_or_pickle	.pth	no	1762056079	3a09d7e660f8
B_heads_2_depth_6_full_b_1762055916/model_2.pth	167959	0.16 MB	model_or_pickle	.pth	no	1762056265	679f92e18911
B_heads_2_depth_6_full_b_1762055916/model_3.pth	167959	0.16 MB	model_or_pickle	.pth	no	1762056436	b5ea724558e6
B_heads_2_depth_6_full_b_1762055916/model_4.pth	167959	0.16 MB	model_or_pickle	.pth	no	1762056581	8353e5a22a34
B_heads_2_depth_6_full_b_1762055916/model_5.pth	167959	0.16 MB	model_or_pickle	.pth	no	1762056778	5e8a213d5b87
B_heads_2_depth_6_full_b_1762055916/model_6.pth	167959	0.16 MB	model_or_pickle	.pth	no	1762056963	5a6ecb920a0c
B_heads_2_depth_6_full_b_1762055916/model_7.pth	167959	0.16 MB	model_or_pickle	.pth	no	1762057121	c5866f408f23
B_heads_2_depth_6_full_b_1762055916/model_8.pth	167959	0.16 MB	model_or_pickle	.pth	no	1762057317	bdfcbfc7c051
B_heads_2_depth_6_full_b_1762055916/model_9.pth	167959	0.16 MB	model_or_pickle	.pth	no	1762057510	f617bfa34d08
B_heads_2_depth_6_loso_b_low_aug_20251102_170254/model_1.pth	167959	0.16 MB	model_or_pickle	.pth	no	1762108744	a65dc1ad9aa0
B_heads_2_depth_6_loso_b_low_aug_20251102_170254/model_2.pth	167959	0.16 MB	model_or_pickle	.pth	no	1762115011	e8da6bb5c3bf
B_heads_2_depth_6_loso_b_low_aug_20251102_170254/model_3.pth	167959	0.16 MB	model_or_pickle	.pth	no	1762121454	4123d279813b
B_heads_2_depth_6_loso_b_low_aug_20251102_170254/model_4.pth	167959	0.16 MB	model_or_pickle	.pth	no	1762130899	d83bc2f51462
B_heads_2_depth_6_loso_b_low_aug_20251102_170254/model_5.pth	167959	0.16 MB	model_or_pickle	.pth	no	1762138306	daddc8d2eff5
B_heads_2_depth_6_loso_b_low_aug_20251102_170254/model_6.pth	167959	0.16 MB	model_or_pickle	.pth	no	1762148553	f3856ad39280
B_heads_2_depth_6_loso_b_low_aug_20251102_170254/model_7.pth	167959	0.16 MB	model_or_pickle	.pth	no	1762158088	e5f490d24b19
B_heads_2_depth_6_loso_b_low_aug_20251102_170254/model_8.pth	167959	0.16 MB	model_or_pickle	.pth	no	1762167149	f0c92bdb4163
B_heads_2_depth_6_loso_b_low_aug_20251102_170254/model_9.pth	167959	0.16 MB	model_or_pickle	.pth	no	1762175483	73c7d4bcc408
B_heads_2_depth_6_smoke_b/model_1.pth	167959	0.16 MB	model_or_pickle	.pth	no	1762040569	888c6928b46a
B_heads_2_depth_6_smoke_b_v2/model_1.pth	167959	0.16 MB	model_or_pickle	.pth	no	1762091848	60e3fac35e92
outputs/comparison_dqn_vs_rule/subject_3_pos_vs_time.png	166757	0.16 MB	image_or_figure	.png	no	1772591824	4c104a97f99b
outputs/preprocessing/A01T/baseline_plots.png	166383	0.16 MB	image_or_figure	.png	no	1772591825	c3b2ca2f07a4
outputs/comparison_precision/subject_3_precision_comparison.png	165863	0.16 MB	image_or_figure	.png	no	1772591824	fa734b7557bf
outputs/comparison_precision/subject_4_precision_comparison.png	165298	0.16 MB	image_or_figure	.png	no	1772591824	4ba482becd25
outputs/comparison_dqn_vs_rule/subject_4_pos_vs_time.png	164626	0.16 MB	image_or_figure	.png	no	1772591824	b105a4df64f2
outputs/8dir_comprehensive_test/f_square_ccw.png	162246	0.15 MB	image_or_figure	.png	no	1773185658	f46298cafa8a
outputs/comparison_precision/subject_2_precision_comparison.png	161832	0.15 MB	image_or_figure	.png	no	1772591824	924913ff1025
outputs/comparison_precision/subject_1_precision_comparison.png	161659	0.15 MB	image_or_figure	.png	no	1772591824	783d392f4c05
outputs/comparison_dqn_vs_rule/subject_1_pos_vs_time.png	160994	0.15 MB	image_or_figure	.png	no	1772591824	8576aa316954
outputs/eeg_physical_control/subject_4.png	160491	0.15 MB	image_or_figure	.png	no	1773184731	54b540da816f
outputs/comparison_dqn_vs_rule/subject_2_pos_vs_time.png	158971	0.15 MB	image_or_figure	.png	no	1772591824	20fb88e72c00
outputs/8dir_comprehensive_test/e_square_cw.png	156246	0.15 MB	image_or_figure	.png	no	1773185639	0542dbc16eb9
Braindecoder/braindecode-1.1.1/docs/_static/model/SyncNet.png	155893	0.15 MB	image_or_figure	.png	no	1755342342	37064a258be1
outputs/preprocessing/A01T/plots/csp_patterns.png	154962	0.15 MB	image_or_figure	.png	no	1772591825	8bc0c7886f32
outputs/8dir_comprehensive_test/all_trajectories.png	154485	0.15 MB	image_or_figure	.png	no	1773185659	daefe3875752
outputs/8dir_comprehensive_test_v2/f_square_ccw.png	152408	0.15 MB	image_or_figure	.png	no	1773195064	1cbd7a4b8263
outputs/8dir_comprehensive_test/c_diagonal_ul_dr.png	152122	0.15 MB	image_or_figure	.png	no	1773185610	5b368888e396
Braindecoder/braindecode-1.1.1/docs/_static/model/eegnex.jpg	151947	0.14 MB	image_or_figure	.jpg	no	1755342342	82dd2fe3440e
outputs/8dir_comprehensive_test_v2/c_diagonal_ul_dr.png	149011	0.14 MB	image_or_figure	.png	no	1773194980	2aa7c2d0d831
outputs/trajectory_comparison_3models.png	146823	0.14 MB	image_or_figure	.png	no	1772591825	c81d8bf924ab
outputs/eeg_physical_control/subject_3.png	146811	0.14 MB	image_or_figure	.png	no	1773184715	66b70aadf57e
Methodology/final_report_draft_v3.pdf	146709	0.14 MB	document	.pdf	no	1773769294	ae28a579ec3f
outputs/trajectory_comparison_with_ideal.png	145609	0.14 MB	image_or_figure	.png	no	1772591825	7764eca9be61
outputs/8dir_comprehensive_test_v2/e_square_cw.png	145227	0.14 MB	image_or_figure	.png	no	1773195032	84b3323cd153
Methodology/weekly_progress_template.pdf	139186	0.13 MB	document	.pdf	no	1772591824	7245852c5d78
outputs/eeg_classification_test/subject_9_biased_test.png	137570	0.13 MB	image_or_figure	.png	no	1773182186	eea6b577fda0
Methodology/11314389_final_report_draft.pdf	137229	0.13 MB	document	.pdf	no	1773681710	9dcb164ac9c6
Methodology/final_report_draft.pdf	137229	0.13 MB	document	.pdf	no	1773681710	9dcb164ac9c6
outputs/physionet_ctnet_109sub_v2/pool/confusion_matrix_pool.png	137037	0.13 MB	image_or_figure	.png	no	1773267223	a57172bd295c
outputs/eeg_classification_test/subject_8_biased_test.png	136484	0.13 MB	image_or_figure	.png	no	1773182185	158f9353e96a
outputs/eeg_classification_test/subject_4_biased_test.png	136024	0.13 MB	image_or_figure	.png	no	1773182183	fc0b5df7206e
outputs/eeg_classification_test/subject_7_biased_test.png	135755	0.13 MB	image_or_figure	.png	no	1773182185	08c2a662219d
outputs/eeg_classification_test/subject_6_biased_test.png	135674	0.13 MB	image_or_figure	.png	no	1773182184	1d8276273977
outputs/eeg_classification_test/subject_3_biased_test.png	134917	0.13 MB	image_or_figure	.png	no	1773182182	06e9290ad8ca
outputs/eeg_classification_test/subject_1_biased_test.png	134901	0.13 MB	image_or_figure	.png	no	1773182181	effc2db9c861
outputs/eeg_classification_test/subject_5_biased_test.png	134654	0.13 MB	image_or_figure	.png	no	1773182183	09749daac2d8
outputs/eeg_physical_control/subject_5.png	133999	0.13 MB	image_or_figure	.png	no	1773184737	7df1dd51a296
outputs/8dir_comprehensive_test/d_diagonal_ur_dl.png	133582	0.13 MB	image_or_figure	.png	no	1773185620	cd25deb8fab3
outputs/eeg_classification_test/subject_2_biased_test.png	132515	0.13 MB	image_or_figure	.png	no	1773182182	ae527af5094f
CTNet_with_ica_20251210_060113/training_curve_subject_3.png	132175	0.13 MB	image_or_figure	.png	no	1765350553	3c19b3abc6ad
outputs/channel_reduction/channel_reduction_comparison.png	131609	0.13 MB	image_or_figure	.png	no	1773278708	d81bc12c71cc
outputs/8dir_comprehensive_test_v2/d_diagonal_ur_dl.png	131564	0.13 MB	image_or_figure	.png	no	1773194999	c3d9ac75f8fc
CTNet_A_heads_4_depth_6_1765338642/training_curve_subject_2.png	129685	0.12 MB	image_or_figure	.png	no	1765339082	b867b2cd7516
CTNet_A_heads_4_depth_6_1765338642/training_curve_subject_1.png	129583	0.12 MB	image_or_figure	.png	no	1765338810	1754802afeeb
outputs/eeg_physical_control/subject_6.png	129535	0.12 MB	image_or_figure	.png	no	1773184743	85cc2eb581e3
Methodology/ZhengXu_CV_v5_CN.pdf	127352	0.12 MB	document	.pdf	no	1774800456	90a7368e9031
CTNet_no_ica_20251210_060113/training_curve_subject_9.png	126565	0.12 MB	image_or_figure	.png	no	1765349375	c340b9dbdbd1
CTNet_A_heads_4_depth_6_1765338642/training_curve_subject_8.png	126022	0.12 MB	image_or_figure	.png	no	1765340471	6fb1fcb5e15a
outputs/physionet_with_filter/pool/confusion_matrix_pool.png	125807	0.12 MB	image_or_figure	.png	no	1774313663	6942b80f1beb
CTNet_no_ica_20251210_060113/training_curve_subject_8.png	124937	0.12 MB	image_or_figure	.png	no	1765349004	801628d6ab8f
CTNet_with_ica_20251210_060113/training_curve_subject_8.png	124829	0.12 MB	image_or_figure	.png	no	1765352814	d78f674a4b1e
outputs/8dir_comprehensive_test_v2/b_vertical.png	120847	0.12 MB	image_or_figure	.png	no	1773194961	fea0e2cf2709
outputs/8dir_comprehensive_test_v2/all_trajectories.png	120166	0.11 MB	image_or_figure	.png	no	1773195065	93185a5512c2
outputs/8dir_comprehensive_test_v2/a_horizontal.png	119459	0.11 MB	image_or_figure	.png	no	1773194945	6132f4107f81
CTNet_no_ica_20251210_060113/training_curve_subject_1.png	118238	0.11 MB	image_or_figure	.png	no	1765346750	ff216aa63d9f
CTNet_with_ica_20251210_060113/training_curve_subject_6.png	117277	0.11 MB	image_or_figure	.png	no	1765351871	bcb516c9cb1d
outputs/8dir_comprehensive_test/b_vertical.png	117054	0.11 MB	image_or_figure	.png	no	1773185600	cabeb6dba33c
CTNet_no_ica_20251210_060113/training_curve_subject_6.png	116569	0.11 MB	image_or_figure	.png	no	1765348301	42bfdc83944e
Methodology/week_2026_02_11.pdf	115862	0.11 MB	document	.pdf	no	1770770660	39806ca45889
outputs/physionet_ctnet_109sub_v2/pool/training_curve_pool.png	115852	0.11 MB	image_or_figure	.png	no	1773267223	b13781f33b4c
outputs/comparison_v1_v2_brainflow/brainflow_eeg_classification.png	114584	0.11 MB	image_or_figure	.png	no	1773191785	129cfb50d25e
outputs/physionet_no_filter/pool/confusion_matrix_pool.png	113998	0.11 MB	image_or_figure	.png	no	1774313579	f2d3e7b86bc6
CTNet_no_ica_20251210_060113/training_curve_subject_7.png	113902	0.11 MB	image_or_figure	.png	no	1765348642	9d3a968a83cb
CTNet_with_ica_20251210_060113/training_curve_subject_1.png	113201	0.11 MB	image_or_figure	.png	no	1765349753	9d05ba14e6de
outputs/physionet_no_filter/pool/training_curve_pool.png	113057	0.11 MB	image_or_figure	.png	no	1774313579	54ef568db003
CTNet_with_ica_20251210_060113/training_curve_subject_2.png	112988	0.11 MB	image_or_figure	.png	no	1765350146	5d125785fa3b
outputs/trajectory_comparison_4models.png	111990	0.11 MB	image_or_figure	.png	no	1772591825	c9ddc0d87e8e
outputs/8dir_physical_test/8dir_physical_test.png	111969	0.11 MB	image_or_figure	.png	no	1772591824	5f1615945c00
CTNet_A_heads_4_depth_6_1765338642/training_curve_subject_6.png	111594	0.11 MB	image_or_figure	.png	no	1765340006	c7bd94ab8753
outputs/8dir_physical_test/diagonal/8dir_physical_test.png	111417	0.11 MB	image_or_figure	.png	no	1772591824	61df58a61bd3
outputs/physionet_with_filter/pool/training_curve_pool.png	110587	0.11 MB	image_or_figure	.png	no	1774313663	1950c012784e
CTNet_with_ica_20251210_060113/training_curve_subject_5.png	109926	0.10 MB	image_or_figure	.png	no	1765351415	e501517bd6bf
CTNet_with_ica_20251210_060113/training_curve_subject_4.png	107771	0.10 MB	image_or_figure	.png	no	1765350973	b9bb18b564a2
outputs/physionet_ctnet_109sub_v2/pool/pool_per_subject.png	107240	0.10 MB	image_or_figure	.png	no	1773267224	728d704e0dd3
CTNet_A_heads_4_depth_6_1765338642/training_curve_subject_3.png	107121	0.10 MB	image_or_figure	.png	no	1765339241	e3ced898f217
outputs/trajectory_comparison_dqn_vs_smooth.png	106670	0.10 MB	image_or_figure	.png	no	1772591825	672721e4e737
outputs/eeg_physical_control/subject_2.png	105494	0.10 MB	image_or_figure	.png	no	1773184701	adcc3a370f42
CTNet_A_heads_4_depth_6_1765338642/training_curve_subject_5.png	104425	0.10 MB	image_or_figure	.png	no	1765339875	255a3e1d8785
CTNet_no_ica_20251210_060113/training_curve_subject_5.png	103603	0.10 MB	image_or_figure	.png	no	1765347966	4e56f816e8ec
CTNet_A_heads_4_depth_6_1765338642/training_curve_subject_4.png	103435	0.10 MB	image_or_figure	.png	no	1765339600	8711b05b64df
CTNet_A_heads_4_depth_6_1765338642/training_curve_subject_9.png	103341	0.10 MB	image_or_figure	.png	no	1765340780	aef004f57740
outputs/8dir_smooth_test/sequence_diagonal.png	103264	0.10 MB	image_or_figure	.png	no	1772591824	fe5becd5b4c1
CTNet_with_ica_20251210_060113/training_curve_subject_7.png	102829	0.10 MB	image_or_figure	.png	no	1765352340	ea351dde113f
CTNet_no_ica_20251210_060113/training_curve_subject_3.png	102354	0.10 MB	image_or_figure	.png	no	1765347340	e6924ecc005b
CTNet_with_ica_20251210_060113/training_curve_subject_9.png	102315	0.10 MB	image_or_figure	.png	no	1765353302	d5e6d82a95cf
CTNet_A_heads_4_depth_6_1765338642/training_curve_subject_7.png	102287	0.10 MB	image_or_figure	.png	no	1765340222	7dd2ee2faec1
B_heads_2_depth_6_loso_b_low_aug_20251102_170254/pred_true.xlsx	101867	0.10 MB	structured_data_or_config	.xlsx	no	1762176195	248315376821
outputs/eeg_physical_control/subject_1.png	101061	0.10 MB	image_or_figure	.png	no	1773184696	68b6714efd03
CTNet_no_ica_20251210_060113/training_curve_subject_2.png	100827	0.10 MB	image_or_figure	.png	no	1765347038	0fbee2e7773d
outputs/eeg_physical_control/error_analysis_endpoint.png	100546	0.10 MB	image_or_figure	.png	no	1773196058	096eb4855f1b
Braindecoder/braindecode-1.1.1/docs/_static/model/SleepStagerChambon2018.jpg	96855	0.09 MB	image_or_figure	.jpg	no	1755342342	1e0231869ae0
Methodology/ZhengXu_CV_v4.pdf	94083	0.09 MB	document	.pdf	no	1774793367	6a40644b3e01
CTNet_A_heads_2_depth_6_1753844149/plots/subject_2_curves.png	92451	0.09 MB	image_or_figure	.png	no	1765334682	843b42288349
outputs/target_radius_explanation.png	89637	0.09 MB	image_or_figure	.png	no	1772591825	63f6388fbe0f
CTNet_no_ica_20251210_060113/training_curve_subject_4.png	88282	0.08 MB	image_or_figure	.png	no	1765347653	6483ebc66989
Braindecoder/braindecode-1.1.1/docs/_static/model/sjepa_contextual.jpg	87670	0.08 MB	image_or_figure	.jpg	no	1755342342	d8080700fdb0
Braindecoder/braindecode-1.1.1/docs/_static/model/sjepa_pre-local.jpg	87268	0.08 MB	image_or_figure	.jpg	no	1755342342	a3d61c7689f8
Methodology/report_discussion_draft.pdf	86724	0.08 MB	document	.pdf	no	1773678431	14303e4eeb17
CTNet_A_heads_2_depth_6_1753844149/plots/subject_1_curves.png	85541	0.08 MB	image_or_figure	.png	no	1765334681	aefaea90a35d
A_heads_2_depth_6_loso_a_low_aug_20251102_170252/pred_true.xlsx	85419	0.08 MB	structured_data_or_config	.xlsx	no	1762227210	65e2d4cc13fe
outputs/8dir_comprehensive_test/a_horizontal.png	84451	0.08 MB	image_or_figure	.png	no	1773186871	da58a9672c75
outputs/8dir_smooth_test/single_left.png	82276	0.08 MB	image_or_figure	.png	no	1772591824	89a83e2a4857
outputs/8dir_smooth_test/single_up_right.png	81448	0.08 MB	image_or_figure	.png	no	1772591824	b372beb82a7f
CTNet_with_ica_20251210_060113/pred_true.xlsx	79676	0.08 MB	structured_data_or_config	.xlsx	no	1765353302	ae1e4d0a14b1
CTNet_no_ica_20251210_060113/pred_true.xlsx	79432	0.08 MB	structured_data_or_config	.xlsx	no	1765349375	1e9cb3bbe9a6
Methodology/architecture_diagram.pdf	75566	0.07 MB	document	.pdf	no	1774322004	efe9f9d4ccba
Braindecoder/braindecode-1.1.1/docs/_static/model/sjepa_post-local.jpg	73229	0.07 MB	image_or_figure	.jpg	no	1755342342	f0336d502e1f
Braindecoder/braindecode-1.1.1/docs/_static/institution_logos/unifreiburg.png	71161	0.07 MB	image_or_figure	.png	no	1755342342	4c8dbb5e2a55
Braindecoder/braindecode-1.1.1/docs/_static/braindecode.svg	68655	0.07 MB	image_or_figure	.svg	no	1755342342	4bef4e22321e
outputs/physionet_with_filter/pool/pool_per_subject.png	66364	0.06 MB	image_or_figure	.png	no	1774313663	043ba05d4b1c
outputs/preprocessing/A01T/baseline_control.json	65130	0.06 MB	result_or_log	.json	no	1772591825	b2d571663222
outputs/physionet_no_filter/pool/pool_per_subject.png	63615	0.06 MB	image_or_figure	.png	no	1774313579	5e946ecd6bdf
Braindecoder/braindecode-1.1.1/docs/_static/braindecode_small.svg	62736	0.06 MB	image_or_figure	.svg	no	1755342342	f7deb33bebee
Braindecoder/braindecode-1.1.1/docs/_static/model/eeginceptionerp.jpg	61551	0.06 MB	image_or_figure	.jpg	no	1755342342	c00e888b8c6c
Braindecoder/braindecode-1.1.1/docs/_static/model/eegitnet.jpg	61551	0.06 MB	image_or_figure	.jpg	no	1755342342	c00e888b8c6c
Methodology/final_report_draft_v7.tex	60593	0.06 MB	document	.tex	no	1776383866	5ea8e5dbda80
outputs/preprocessing/A01T/plots/ica_components_01.png	60465	0.06 MB	image_or_figure	.png	no	1772591825	8fc1124be4f8
outputs/eeg_physical_control/error_analysis.png	55964	0.05 MB	image_or_figure	.png	no	1773184744	660ee8e9b3b9
Methodology/final_report_draft_v6.tex	54608	0.05 MB	document	.tex	no	1776383931	348d3a34376a
Braindecoder/braindecode-1.1.1/test/unit_tests/models/test_models.py	50122	0.05 MB	code	.py	no	1755342342	033eed454c0d
B_heads_2_depth_6_full_b_1762055916/pred_true.xlsx	49432	0.05 MB	structured_data_or_config	.xlsx	no	1762057519	6a2ccdd4d9af
Methodology/final_report_draft_v4.tex	48789	0.05 MB	document	.tex	no	1776383931	72c6e94f3fde
Braindecoder/braindecode-1.1.1/docs/_static/braindecode_install.png	48666	0.05 MB	image_or_figure	.png	no	1755342342	97c142a42ee4
CTNet_A_heads_4_depth_6_1765338642/pred_true.xlsx	47121	0.04 MB	structured_data_or_config	.xlsx	no	1765340780	492d92b0aba5
A_heads_2_depth_6_full_a_1762043947/pred_true.xlsx	47103	0.04 MB	structured_data_or_config	.xlsx	no	1762046559	e2b86b844ef3
Braindecoder/braindecode-1.1.1/braindecode/augmentation/transforms.py	44245	0.04 MB	code	.py	no	1755342342	4202e85fa305
Methodology/final_report_draft_v3.tex	42164	0.04 MB	document	.tex	no	1776383931	4ecf7be2b94d
Braindecoder/braindecode-1.1.1/braindecode/models/labram.py	41798	0.04 MB	code	.py	no	1755342342	bdcae9c22bb8
Methodology/Risk assessment form-11314389.docx	39807	0.04 MB	document	.docx	no	1772591824	22e46979f235
Braindecoder/braindecode-1.1.1/test/unit_tests/models/test_modules.py	38130	0.04 MB	code	.py	no	1755342342	811c6ac805fc
Braindecoder/braindecode-1.1.1/braindecode/augmentation/functional.py	37978	0.04 MB	code	.py	no	1755342342	ca090c344147
Braindecoder/braindecode-1.1.1/braindecode/models/signal_jepa.py	37079	0.04 MB	code	.py	no	1755342342	51e4a4780337
Braindecoder/braindecode-1.1.1/braindecode/preprocessing/windowers.py	36551	0.03 MB	code	.py	no	1755342342	eb0ea63a7ae8
Methodology/final_report_draft_v2.tex	36506	0.03 MB	document	.tex	no	1776383931	c37001f78033
Methodology/methodology_v7.tex	34189	0.03 MB	document	.tex	no	1771962555	a13eee8ec54b
Methodology/ctnet_framework.pdf	34170	0.03 MB	document	.pdf	no	1773680721	dbd08aad8135
Braindecoder/braindecode-1.1.1/test/unit_tests/preprocessing/test_windowers.py	32909	0.03 MB	code	.py	no	1755342342	307264246dd4
Methodology/final_report_draft_v7.log	32697	0.03 MB	result_or_log	.log	no	1776383868	9c5e6969db14
Braindecoder/braindecode-1.1.1/braindecode/datasets/base.py	32155	0.03 MB	code	.py	no	1755342342	103f11416bac
Methodology/methodology_v6.tex	31213	0.03 MB	document	.tex	no	1771962555	c086453a3875
outputs/multi_subject_sequence_precise/results.json	31153	0.03 MB	result_or_log	.json	no	1772591824	30ca0455a061
outputs/preprocessing/A01T/plots/ica_scores_EOG-left.png	29821	0.03 MB	image_or_figure	.png	no	1772591825	e68d0d70e632
Braindecoder/braindecode-1.1.1/docs/_static/cropped_explanation.png	29430	0.03 MB	image_or_figure	.png	no	1755342342	2d0f118774ca
Braindecoder/braindecode-1.1.1/docs/whats_new.rst	29308	0.03 MB	document	.rst	no	1755342342	3481dfa5960d
Braindecoder/braindecode-1.1.1/docs/_static/model/eegtcnet.jpg	28510	0.03 MB	image_or_figure	.jpg	no	1755342342	38d82b1392e0
Methodology/methodology_v5.tex	28499	0.03 MB	document	.tex	no	1766131416	ca9ae2e27f53
scripts/channel_reduction_study.py	28438	0.03 MB	code	.py	no	1776383931	5b974c285e9a
logs/RL_CHANGELOG.md	26840	0.03 MB	document	.md	no	1771962555	95aa99e794c9
outputs/multi_subject_sequence_smooth/results.json	25655	0.02 MB	result_or_log	.json	no	1772591824	eea0d06ac8ad
Braindecoder/braindecode-1.1.1/test/unit_tests/augmentation/test_transforms.py	25054	0.02 MB	code	.py	no	1755342342	a2ff56bc8076
Braindecoder/braindecode-1.1.1/braindecode/modules/filter.py	25050	0.02 MB	code	.py	no	1755342342	b63df31507f8
outputs/preprocessing/A01T/plots/ica_scores_EOG-central.png	24924	0.02 MB	image_or_figure	.png	no	1772591825	63c54550018d
Braindecoder/braindecode-1.1.1/braindecode/models/atcnet.py	24483	0.02 MB	code	.py	no	1755342342	3e10c997a9c1
Braindecoder/braindecode-1.1.1/examples/model_building/plot_how_train_test_and_tune.py	24439	0.02 MB	code	.py	no	1755342342	e2acd2d24f67
outputs/preprocessing/A01T/plots/ica_scores_EOG-right.png	24380	0.02 MB	image_or_figure	.png	no	1772591825	8de1ad0a7826
Methodology/week_2026_03_17.tex	24130	0.02 MB	document	.tex	no	1774310921	f70e82c1ae4a
Braindecoder/braindecode-1.1.1/braindecode/modules/attention.py	23966	0.02 MB	code	.py	no	1755342342	7ec8ebbb3a8c
outputs/multi_subject_sequence_optimal/results.json	23557	0.02 MB	result_or_log	.json	no	1772591824	514b7d521e3b
Braindecoder/braindecode-1.1.1/braindecode/models/attentionbasenet.py	23359	0.02 MB	code	.py	no	1755342342	d6ec2bb6c744
Braindecoder/braindecode-1.1.1/braindecode/datasets/tuh.py	22867	0.02 MB	code	.py	no	1755342342	886d613ad75e
Methodology/CV_Zheng XU_v3.docx	22647	0.02 MB	document	.docx	no	1772907529	92ee1b5b07d5
outputs/multi_subject_sequence_adaptive/results.json	22541	0.02 MB	result_or_log	.json	no	1772591824	c644164a5d9c
outputs/multi_subject_sequence_rule/results.json	22166	0.02 MB	result_or_log	.json	no	1772591824	0ad39747d687
Braindecoder/braindecode-1.1.1/docs/_static/trialwise_explanation.png	21244	0.02 MB	image_or_figure	.png	no	1755342342	ff8c29d59ddd
scripts/preprocessing_pipeline.py	20690	0.02 MB	code	.py	no	1763545855	d64a0e016956
Braindecoder/braindecode-1.1.1/test/unit_tests/models/test_integration.py	20606	0.02 MB	code	.py	no	1755342342	f4b9825780fc
Braindecoder/braindecode-1.1.1/examples/advanced_training/plot_relative_positioning.py	19753	0.02 MB	code	.py	no	1755342342	f8278d53d092
Braindecoder/braindecode-1.1.1/braindecode/datasets/bbci.py	19277	0.02 MB	code	.py	no	1755342342	042f68d6d844
Braindecoder/braindecode-1.1.1/braindecode/training/scoring.py	19062	0.02 MB	code	.py	no	1755342342	b46eee0a88c8
Methodology/methodology_v8.tex	18787	0.02 MB	document	.tex	no	1773678597	bbec45e62fae
Methodology/week_2026_03_11.tex	18777	0.02 MB	document	.tex	no	1773244006	2b92b8cd88ae
Braindecoder/braindecode-1.1.1/test/unit_tests/preprocessing/test_preprocess.py	18532	0.02 MB	code	.py	no	1755342342	131e04c1d962
Braindecoder/braindecode-1.1.1/braindecode/preprocessing/preprocess.py	17665	0.02 MB	code	.py	no	1755342342	fbd20a8dbd13
Braindecoder/braindecode-1.1.1/braindecode/models/sleep_stager_eldele_2021.py	17555	0.02 MB	code	.py	no	1755342342	fb8212bb39f2
Braindecoder/braindecode-1.1.1/braindecode/models/biot.py	17512	0.02 MB	code	.py	no	1755342342	4f83f2997de9
Braindecoder/braindecode-1.1.1/braindecode/models/ctnet.py	17308	0.02 MB	code	.py	no	1755342342	f89f50b5433c
outputs/OVR-CSP-Output.txt	17094	0.02 MB	result_or_log	.txt	no	1772591824	5cb6b2e5d932
Braindecoder/braindecode-1.1.1/test/unit_tests/datautil/test_serialization.py	17059	0.02 MB	code	.py	no	1755342342	bc683b4f633e
Methodology/methodology_v8.pdf	17047	0.02 MB	document	.pdf	no	1773678597	5e5d523d7c8c
Methodology/week_2026_03_04.tex	16736	0.02 MB	document	.tex	no	1773196167	4129c432f325
Braindecoder/braindecode-1.1.1/examples/advanced_training/bcic_iv_4_ecog_cropped.py	16641	0.02 MB	code	.py	no	1755342342	09ded23a3493
Braindecoder/braindecode-1.1.1/CONTRIBUTING.md	16459	0.02 MB	document	.md	no	1755342342	2c3cdc373ccd
Methodology/week_2026_02_24.tex	16394	0.02 MB	document	.tex	no	1771990919	c69a0e971d04
Braindecoder/braindecode-1.1.1/braindecode/models/eegnet.py	16284	0.02 MB	code	.py	no	1755342342	d59006d0a2c3
Braindecoder/braindecode-1.1.1/test/unit_tests/test_eegneuralnet.py	16164	0.02 MB	code	.py	no	1755342342	b08c1dd00d30
outputs/preprocessing/A01T/csp_pipeline.joblib	15986	0.02 MB	model_or_pickle	.joblib	no	1772591825	6412d07e02e4
outputs/preprocessing/A01T/csp_features.npz	15752	0.02 MB	dataset_or_signal	.npz	no	1772591825	3dd646d23aff
scripts/run_phase3_experiments.py	15705	0.01 MB	code	.py	no	1762043048	430482c3547a
Braindecoder/braindecode-1.1.1/test/unit_tests/training/test_scoring.py	15488	0.01 MB	code	.py	no	1755342342	840fd9d09f09
scripts/filter_vs_ica_physionet.py	15417	0.01 MB	code	.py	no	1776383931	32b51bdbc9e8
Braindecoder/braindecode-1.1.1/braindecode/datasets/sleep_physio_challe_18.py	15414	0.01 MB	code	.py	no	1755342342	293bd4b6e6ab
Braindecoder/braindecode-1.1.1/braindecode/eegneuralnet.py	15287	0.01 MB	code	.py	no	1755342342	773f24ffeda3
Braindecoder/braindecode-1.1.1/test/unit_tests/datasets/test_dataset.py	15166	0.01 MB	code	.py	no	1755342342	d8440bbc0e6a
Braindecoder/braindecode-1.1.1/braindecode/models/ifnet.py	15137	0.01 MB	code	.py	no	1755342342	6366f07e4a37
Braindecoder/braindecode-1.1.1/examples/applied_examples/bcic_iv_4_ecog_trial.py	15130	0.01 MB	code	.py	no	1755342342	0b42a97ff34b
Braindecoder/braindecode-1.1.1/braindecode/samplers/base.py	15111	0.01 MB	code	.py	no	1755342342	cff4f1a7d704
logs/MEETING_NOTES.md	15073	0.01 MB	document	.md	no	1771990919	3ab14bade083
inference.py	14705	0.01 MB	code	.py	no	1765800048	44dd27fad48f
scripts/download_gigascience.py	14678	0.01 MB	code	.py	no	1770816201	2382cbbfe1fa
Methodology/final_report_draft.tex	14657	0.01 MB	document	.tex	no	1773681560	f09272adc82b
Braindecoder/braindecode-1.1.1/braindecode/models/deep4.py	14588	0.01 MB	code	.py	no	1755342342	609414c3ed04
outputs/8dir_comprehensive_test_v2/f_square_ccw.json	14464	0.01 MB	result_or_log	.json	no	1773195064	2c2a5b393312
outputs/8dir_comprehensive_test_v2/e_square_cw.json	14463	0.01 MB	result_or_log	.json	no	1773195031	18a17642ad45
batch_inference.py	14369	0.01 MB	code	.py	no	1765800048	2c192338bb74
Braindecoder/braindecode-1.1.1/docs/conf.py	14292	0.01 MB	code	.py	no	1755342342	4a592971554e
compare_ica_simple.py	14262	0.01 MB	code	.py	no	1765800048	919f96e80941
Braindecoder/braindecode-1.1.1/examples/model_building/plot_train_in_pure_pytorch_and_pytorch_lightning.py	14244	0.01 MB	code	.py	no	1755342342	e64b1329148c
Braindecoder/braindecode-1.1.1/examples/model_building/plot_bcic_iv_2a_moabb_cropped.py	14039	0.01 MB	code	.py	no	1755342342	6bf5020f825f
Braindecoder/braindecode-1.1.1/braindecode/models/sparcnet.py	13941	0.01 MB	code	.py	no	1755342342	79932824ec65
Braindecoder/braindecode-1.1.1/examples/model_building/plot_hyperparameter_tuning_with_scikit-learn.py	13619	0.01 MB	code	.py	no	1755342342	a5be5975875c
outputs/preprocessing/A01T/rl_dataset.npz	13599	0.01 MB	dataset_or_signal	.npz	no	1772591825	83897fe159ba
Braindecoder/braindecode-1.1.1/examples/applied_examples/plot_sleep_staging_eldele2021.py	13247	0.01 MB	code	.py	no	1755342342	974e9f6e7a47
compare_ica_effect.py	13121	0.01 MB	code	.py	no	1765800048	bce54fa3a2a0
scripts/gigascience_loader.py	13100	0.01 MB	code	.py	no	1772591824	1c9a5dbfd543
Braindecoder/braindecode-1.1.1/examples/applied_examples/plot_sleep_staging_chambon2018.py	13094	0.01 MB	code	.py	no	1755342342	a35fda7aefb6
Braindecoder/braindecode-1.1.1/braindecode/datautil/serialization.py	13028	0.01 MB	code	.py	no	1755342342	80b226f5b72e
scripts/test_eeg_classification.py	12979	0.01 MB	code	.py	no	1773180568	fd9bf48ef951
Methodology/week_2026_02_17.tex	12955	0.01 MB	document	.tex	no	1771962555	7428dbd578d0
Braindecoder/braindecode-1.1.1/examples/advanced_training/plot_data_augmentation_search.py	12833	0.01 MB	code	.py	no	1755342342	13a87429f142
logs/RL_REFERENCES.md	12816	0.01 MB	document	.md	no	1770816201	78102c580e20
Braindecoder/braindecode-1.1.1/test/unit_tests/preprocessing/test_mne_preprocessor.py	12756	0.01 MB	code	.py	no	1755342342	23704ea8648d
Braindecoder/braindecode-1.1.1/test/unit_tests/samplers/test_samplers.py	12736	0.01 MB	code	.py	no	1755342342	bd63480587c1
Braindecoder/braindecode-1.1.1/braindecode/util.py	12686	0.01 MB	code	.py	no	1755342342	27eb4170324d
Braindecoder/braindecode-1.1.1/braindecode/models/msvtnet.py	12642	0.01 MB	code	.py	no	1755342342	8717822e41d2
scripts/ica_comparison_run.py	12641	0.01 MB	code	.py	no	1776383931	a84a07e6d01e
Braindecoder/braindecode-1.1.1/test/unit_tests/test_util.py	12587	0.01 MB	code	.py	no	1755342342	c8f1ecad42d5
Braindecoder/braindecode-1.1.1/examples/datasets_io/benchmark_lazy_eager_loading.py	12531	0.01 MB	code	.py	no	1755342342	beb6eb5fc83d
Braindecoder/braindecode-1.1.1/braindecode/models/eeginception_mi.py	12424	0.01 MB	code	.py	no	1755342342	68a25116e62b
logs/CTNET_CODE_ANALYSIS.md	12381	0.01 MB	document	.md	no	1772591824	94acd43f7e77
Braindecoder/braindecode-1.1.1/examples/applied_examples/plot_sleep_staging_usleep.py	12106	0.01 MB	code	.py	no	1755342342	bb3aa11a6e26
Braindecoder/braindecode-1.1.1/braindecode/models/eegresnet.py	12057	0.01 MB	code	.py	no	1755342342	72a58e486a9f
scripts/filter_ablation_full_ctnet.py	12008	0.01 MB	code	.py	no	1776383931	b698d51e1817
Braindecoder/braindecode-1.1.1/braindecode/models/sinc_shallow.py	11907	0.01 MB	code	.py	no	1755342342	225bfc2b55e1
Braindecoder/braindecode-1.1.1/braindecode/models/tidnet.py	11805	0.01 MB	code	.py	no	1755342342	93b434c809c4
Braindecoder/braindecode-1.1.1/examples/model_building/plot_bcic_iv_2a_moabb_trial.py	11793	0.01 MB	code	.py	no	1755342342	10a14fbcc18f
Braindecoder/braindecode-1.1.1/docs/api.rst	11706	0.01 MB	document	.rst	no	1755342342	5ccdf104916e
Braindecoder/braindecode-1.1.1/braindecode/models/fbmsnet.py	11659	0.01 MB	code	.py	no	1755342342	f5b667dbf9f5
Methodology/week_2026_02_11.tex	11620	0.01 MB	document	.tex	no	1772591824	12ac391299b6
Braindecoder/braindecode-1.1.1/braindecode/models/eegconformer.py	11612	0.01 MB	code	.py	no	1755342342	fd8d125e9ac1
Braindecoder/braindecode-1.1.1/braindecode/models/usleep.py	11605	0.01 MB	code	.py	no	1755342342	7458772a2648
Braindecoder/braindecode-1.1.1/braindecode/models/eeginception_erp.py	11408	0.01 MB	code	.py	no	1755342342	9b0877ac6487
Braindecoder/braindecode-1.1.1/braindecode/models/fblightconvnet.py	11041	0.01 MB	code	.py	no	1755342342	77933085ac21
scripts/baseline_control.py	10916	0.01 MB	code	.py	no	1765317887	b485e8d96cc7
Braindecoder/braindecode-1.1.1/braindecode/models/eegtcnet.py	10830	0.01 MB	code	.py	no	1755342342	9e9fbddd3b5c
Braindecoder/braindecode-1.1.1/braindecode/models/base.py	10802	0.01 MB	code	.py	no	1755342342	f6272b58d641
Braindecoder/braindecode-1.1.1/braindecode/datasets/nmt.py	10430	0.01 MB	code	.py	no	1755342342	1384fc398044
scripts/ovr_csp_demo.py	10360	0.01 MB	code	.py	no	1763938946	28eef09e3069
Braindecoder/braindecode-1.1.1/braindecode/models/tsinception.py	10116	0.01 MB	code	.py	no	1755342342	11c7cb0c3257
Braindecoder/braindecode-1.1.1/examples/applied_examples/plot_tuh_eeg_corpus.py	10082	0.01 MB	code	.py	no	1755342342	385d1d4416e5
Braindecoder/braindecode-1.1.1/braindecode/models/contrawr.py	10044	0.01 MB	code	.py	no	1755342342	79e47f8a4e20
scripts/baseline_batch.py	10038	0.01 MB	code	.py	no	1765324749	128fe100448c
outputs/eeg_classification_test/classification_results.json	9922	0.01 MB	result_or_log	.json	no	1773182186	8737f5d8290a
Braindecoder/braindecode-1.1.1/braindecode/models/eegminer.py	9847	0.01 MB	code	.py	no	1755342342	a2e2996a1f50
Braindecoder/braindecode-1.1.1/braindecode/models/eegitnet.py	9827	0.01 MB	code	.py	no	1755342342	7de5c598f09d
Braindecoder/braindecode-1.1.1/braindecode/classifier.py	9807	0.01 MB	code	.py	no	1755342342	93dbd20ad7d0
B_heads_2_depth_6_smoke_b/pred_true.xlsx	9611	0.01 MB	structured_data_or_config	.xlsx	no	1762040569	9fba9bbd3b2d
B_heads_2_depth_6_smoke_b_v2/pred_true.xlsx	9600	0.01 MB	structured_data_or_config	.xlsx	no	1762091848	8d98d656151c
Braindecoder/braindecode-1.1.1/test/acceptance_tests/test_eeg_classifier.py	9514	0.01 MB	code	.py	no	1755342342	86a5a0c4e957
Braindecoder/braindecode-1.1.1/braindecode/visualization/confusion_matrices.py	9509	0.01 MB	code	.py	no	1755342342	a8858c2c41e8
outputs/8dir_comprehensive_test/f_square_ccw.json	9505	0.01 MB	result_or_log	.json	no	1773185658	7e8e66962986
Braindecoder/braindecode-1.1.1/examples/model_building/plot_regression.py	9500	0.01 MB	code	.py	no	1755342342	7e0830a936f0
outputs/8dir_comprehensive_test/e_square_cw.json	9472	0.01 MB	result_or_log	.json	no	1773185639	e66a89cddbb6
Braindecoder/braindecode-1.1.1/braindecode/regressor.py	9375	0.01 MB	code	.py	no	1755342342	54b7eba625e4
Braindecoder/braindecode-1.1.1/examples/advanced_training/plot_data_augmentation.py	9356	0.01 MB	code	.py	no	1755342342	c9aca48104e5
A_heads_2_depth_6_smoke_a/pred_true.xlsx	9261	0.01 MB	structured_data_or_config	.xlsx	no	1762040566	4d45c1e28f60
A_heads_2_depth_6_smoke_a_v2/pred_true.xlsx	9259	0.01 MB	structured_data_or_config	.xlsx	no	1762091844	ed4ee2dc872d
A_heads_2_depth_6/pred_true.xlsx	9248	0.01 MB	structured_data_or_config	.xlsx	no	1762039163	98a82172940e
Braindecoder/braindecode-1.1.1/braindecode/models/deepsleepnet.py	9218	0.01 MB	code	.py	no	1755342342	46b722b9526d
scripts/test_smooth_control.py	9211	0.01 MB	code	.py	no	1771962555	16d24a897e93
Braindecoder/braindecode-1.1.1/braindecode/samplers/ssl.py	9146	0.01 MB	code	.py	no	1755342342	0be14aa299db
Methodology/weekly_progress_template.tex	8932	0.01 MB	document	.tex	no	1772591824	c35a8d2589ce
Braindecoder/braindecode-1.1.1/braindecode/datasets/bids.py	8846	0.01 MB	code	.py	no	1755342342	e1ab2ad47c90
scripts/test_openbci_visual.py	8806	0.01 MB	code	.py	no	1773176875	bca2933836d8
outputs/physionet_ctnet_109sub_v2/pool/pool_per_subject.json	8676	0.01 MB	result_or_log	.json	no	1773267224	d2fe876b95e2
Braindecoder/braindecode-1.1.1/braindecode/functional/functions.py	8622	0.01 MB	code	.py	no	1755342342	0a813078ce98
Braindecoder/braindecode-1.1.1/braindecode/models/eegnex.py	8497	0.01 MB	code	.py	no	1755342342	28d24887ca45
outputs/8dir_comprehensive_test_v2/c_diagonal_ul_dr.json	8419	0.01 MB	result_or_log	.json	no	1773194980	64150d34301c
outputs/8dir_comprehensive_test_v2/d_diagonal_ur_dl.json	8414	0.01 MB	result_or_log	.json	no	1773194999	b4a1ea917afc
Braindecoder/braindecode-1.1.1/braindecode/models/syncnet.py	8362	0.01 MB	code	.py	no	1755342342	9eb5890b98a3
Braindecoder/braindecode-1.1.1/braindecode/modules/convolution.py	8291	0.01 MB	code	.py	no	1755342342	540a895e3d57
scripts/test_rl_training.py	8181	0.01 MB	code	.py	no	1770816201	83445b87b367
Braindecoder/braindecode-1.1.1/braindecode/models/tcn.py	8158	0.01 MB	code	.py	no	1755342342	490bb9e87f73
Braindecoder/braindecode-1.1.1/test/unit_tests/datasets/test_tuh.py	8143	0.01 MB	code	.py	no	1755342342	3b8c3a252f15
Braindecoder/braindecode-1.1.1/docs/_static/institution_logos/inria.png	8138	0.01 MB	image_or_figure	.png	no	1755342342	c4911beb75e9
Braindecoder/braindecode-1.1.1/braindecode/models/sccnet.py	7919	0.01 MB	code	.py	no	1755342342	6da1ac369551
Braindecoder/braindecode-1.1.1/test/unit_tests/models/test_base.py	7745	0.01 MB	code	.py	no	1755342342	78d719d0fb42
outputs/all_datasets_rl_control_log.txt	7685	0.01 MB	result_or_log	.txt	no	1772591824	e65bb20e3d4a
Braindecoder/braindecode-1.1.1/examples/model_building/plot_basic_training_epochs.py	7641	0.01 MB	code	.py	no	1755342342	6f211bd24011
Braindecoder/braindecode-1.1.1/braindecode/datasets/bcicomp.py	7556	0.01 MB	code	.py	no	1755342342	111fd79aac61
Braindecoder/braindecode-1.1.1/braindecode/models/shallow_fbcsp.py	7499	0.01 MB	code	.py	no	1755342342	fac2fa5c2982
Braindecoder/braindecode-1.1.1/braindecode/models/fbcnet.py	7486	0.01 MB	code	.py	no	1755342342	44108b39a894
Braindecoder/braindecode-1.1.1/braindecode/augmentation/base.py	7325	0.01 MB	code	.py	no	1755342342	820ef062c55f
Braindecoder/braindecode-1.1.1/braindecode/models/eegsimpleconv.py	7268	0.01 MB	code	.py	no	1755342342	b07a4afbb646
Braindecoder/braindecode-1.1.1/braindecode/datasets/moabb.py	7091	0.01 MB	code	.py	no	1755342342	26605c155ed0
scripts/phase3_utils.py	7090	0.01 MB	code	.py	no	1762042988	edcbab5a1160
Braindecoder/braindecode-1.1.1/examples/datasets_io/plot_benchmark_preprocessing.py	6845	0.01 MB	code	.py	no	1755342342	2c5874a2debc
tactile_transformer.tex	6673	0.01 MB	document	.tex	no	1765330229	c008c796e35d
Braindecoder/braindecode-1.1.1/test/unit_tests/augmentation/test_base.py	6382	0.01 MB	code	.py	no	1755342342	952c1ed5c692
logs/phase3_runs.csv	6338	0.01 MB	structured_data_or_config	.csv	no	1762227211	8e680208c0b2
Braindecoder/braindecode-1.1.1/braindecode/datasets/mne.py	6135	0.01 MB	code	.py	no	1755342342	0e0e91640030
Braindecoder/braindecode-1.1.1/braindecode/models/summary.csv	6110	0.01 MB	structured_data_or_config	.csv	no	1755342342	97b1d8630bf7
数据泄露检查.md	6074	0.01 MB	document	.md	no	1765800048	b6cb519e8118
Methodology/draw_academic_framework.py	6050	0.01 MB	code	.py	no	1773680460	10162b1e94a4
Methodology/draw_ctnet_framework.py	6013	0.01 MB	code	.py	no	1773680048	feb593fee5cd
Braindecoder/braindecode-1.1.1/braindecode/models/sleep_stager_blanco_2020.py	6002	0.01 MB	code	.py	no	1755342342	a8f28c0cbbaf
Methodology/ZhengXu_CV_v4.tex	5998	0.01 MB	document	.tex	no	1776383931	bb6da45d20ec
Methodology/ZhengXu_CV_v5_CN.tex	5929	0.01 MB	document	.tex	no	1776383931	a9ecf61d116b
outputs/8dir_comprehensive_test_v2/a_horizontal.json	5910	0.01 MB	result_or_log	.json	no	1773194945	79cc22727fd4
outputs/8dir_comprehensive_test_v2/b_vertical.json	5901	0.01 MB	result_or_log	.json	no	1773194961	9e7be9a09570
Braindecoder/braindecode-1.1.1/docs/models_summary.rst	5718	0.01 MB	document	.rst	no	1755342342	bb6cd9ff72f7
Methodology/report_discussion_draft.tex	5659	0.01 MB	document	.tex	no	1773678420	73caac48baa6
A_heads_2_depth_6_loso_a_low_aug_20251102_170252/result_metric.xlsx	5574	0.01 MB	result_or_log	.xlsx	no	1762227210	99c1cfeaa630
CTNet_A_heads_4_depth_6_1765338642/result_metric.xlsx	5573	0.01 MB	result_or_log	.xlsx	no	1765340780	06569685d856
B_heads_2_depth_6_loso_b_low_aug_20251102_170254/result_metric.xlsx	5559	0.01 MB	result_or_log	.xlsx	no	1762176195	89306b6bb03c
logs/FINAL_REPORT_DATA.md	5546	0.01 MB	document	.md	no	1773170089	07303f1f0b4a
A_heads_2_depth_6_full_a_1762043947/result_metric.xlsx	5543	0.01 MB	result_or_log	.xlsx	no	1762046559	ecdee0bc503e
CTNet_no_ica_20251210_060113/result_metric.xlsx	5533	0.01 MB	result_or_log	.xlsx	no	1765349375	2becafc6c53b
outputs/eeg_physical_control/subject_4.json	5522	0.01 MB	result_or_log	.json	no	1773184731	7702ec6a16a6
CTNet_with_ica_20251210_060113/result_metric.xlsx	5519	0.01 MB	result_or_log	.xlsx	no	1765353302	6939a9d44dc3
Methodology/architecture_diagram.tex	5514	0.01 MB	document	.tex	no	1774322004	0860994eb786
Braindecoder/braindecode-1.1.1/test/unit_tests/datasets/test_mne.py	5498	0.01 MB	code	.py	no	1755342342	8555e396f3d7
B_heads_2_depth_6_full_b_1762055916/result_metric.xlsx	5493	0.01 MB	result_or_log	.xlsx	no	1762057519	5d4af2dd40f2
Braindecoder/braindecode-1.1.1/docs/sg_execution_times.rst	5355	0.01 MB	document	.rst	no	1755342342	3cc7481492d9
outputs/eeg_physical_control/subject_3.json	5321	0.01 MB	result_or_log	.json	no	1773184715	501fe126d8dd
A_heads_2_depth_6_smoke_a_v2/process_train.xlsx	5304	0.01 MB	structured_data_or_config	.xlsx	no	1762091844	8ac54bc5f59e
Braindecoder/braindecode-1.1.1/braindecode/models/util.py	5302	0.01 MB	code	.py	no	1755342342	56b8701b5601
B_heads_2_depth_6_smoke_b_v2/process_train.xlsx	5293	0.01 MB	structured_data_or_config	.xlsx	no	1762091848	4c21494bc253
B_heads_2_depth_6_smoke_b/process_train.xlsx	5242	0.00 MB	structured_data_or_config	.xlsx	no	1762040569	6de640c05f57
A_heads_2_depth_6/process_train.xlsx	5229	0.00 MB	structured_data_or_config	.xlsx	no	1762039163	0a4a046c532a
A_heads_2_depth_6_smoke_a/process_train.xlsx	5229	0.00 MB	structured_data_or_config	.xlsx	no	1762040566	4e35ef7fae2e
Braindecoder/braindecode-1.1.1/braindecode/models/sleep_stager_chambon_2018.py	5213	0.00 MB	code	.py	no	1755342342	eb6c7645d8dd
CTNet_with_ica_20251210_060113/confusion_matrix_subject_all_subjects.xlsx	5200	0.00 MB	structured_data_or_config	.xlsx	no	1765353302	ee02a36adacc
CTNet_no_ica_20251210_060113/confusion_matrix_subject_all_subjects.xlsx	5196	0.00 MB	structured_data_or_config	.xlsx	no	1765349375	005c91d23e56
CTNet_with_ica_20251210_060113/confusion_matrix_subject_6.xlsx	5185	0.00 MB	structured_data_or_config	.xlsx	no	1765351871	a05046ba57ab
CTNet_with_ica_20251210_060113/confusion_matrix_subject_5.xlsx	5184	0.00 MB	structured_data_or_config	.xlsx	no	1765351415	ba37c777bcce
CTNet_with_ica_20251210_060113/confusion_matrix_subject_7.xlsx	5183	0.00 MB	structured_data_or_config	.xlsx	no	1765352340	0a666d247383
CTNet_no_ica_20251210_060113/confusion_matrix_subject_2.xlsx	5182	0.00 MB	structured_data_or_config	.xlsx	no	1765347038	826737408a9e
CTNet_no_ica_20251210_060113/confusion_matrix_subject_5.xlsx	5182	0.00 MB	structured_data_or_config	.xlsx	no	1765347966	4e4930345d40
CTNet_no_ica_20251210_060113/confusion_matrix_subject_6.xlsx	5182	0.00 MB	structured_data_or_config	.xlsx	no	1765348301	140f14036950
CTNet_with_ica_20251210_060113/confusion_matrix_subject_3.xlsx	5181	0.00 MB	structured_data_or_config	.xlsx	no	1765350553	7d20b41d2d8d
CTNet_no_ica_20251210_060113/confusion_matrix_subject_8.xlsx	5180	0.00 MB	structured_data_or_config	.xlsx	no	1765349005	a1bae7f96c50
CTNet_with_ica_20251210_060113/confusion_matrix_subject_2.xlsx	5180	0.00 MB	structured_data_or_config	.xlsx	no	1765350146	fb4982ee6ad3
CTNet_with_ica_20251210_060113/confusion_matrix_subject_4.xlsx	5179	0.00 MB	structured_data_or_config	.xlsx	no	1765350974	16f09601bf4c
CTNet_no_ica_20251210_060113/confusion_matrix_subject_4.xlsx	5178	0.00 MB	structured_data_or_config	.xlsx	no	1765347653	80511451d99b
CTNet_no_ica_20251210_060113/confusion_matrix_subject_7.xlsx	5178	0.00 MB	structured_data_or_config	.xlsx	no	1765348642	61a4c1982dad
CTNet_with_ica_20251210_060113/confusion_matrix_subject_1.xlsx	5178	0.00 MB	structured_data_or_config	.xlsx	no	1765349753	3ea86eac4ad3
CTNet_no_ica_20251210_060113/confusion_matrix_subject_1.xlsx	5177	0.00 MB	structured_data_or_config	.xlsx	no	1765346750	062ceb707160
CTNet_with_ica_20251210_060113/confusion_matrix_subject_8.xlsx	5177	0.00 MB	structured_data_or_config	.xlsx	no	1765352815	1f896a7f998b
CTNet_with_ica_20251210_060113/confusion_matrix_subject_9.xlsx	5177	0.00 MB	structured_data_or_config	.xlsx	no	1765353302	c8f07ef7113b
CTNet_no_ica_20251210_060113/confusion_matrix_subject_9.xlsx	5176	0.00 MB	structured_data_or_config	.xlsx	no	1765349375	57cbdb52955d
CTNet_no_ica_20251210_060113/confusion_matrix_subject_3.xlsx	5174	0.00 MB	structured_data_or_config	.xlsx	no	1765347340	6d898b85d42f
ica_comparison_table.py	5137	0.00 MB	code	.py	no	1765364580	39e1c4fd82bc
A_heads_2_depth_6_smoke_a/result_metric.xlsx	5061	0.00 MB	result_or_log	.xlsx	no	1762040566	d92de491434e
A_heads_2_depth_6/result_metric.xlsx	5059	0.00 MB	result_or_log	.xlsx	no	1762039163	d05469fe5e4e
A_heads_2_depth_6_smoke_a_v2/result_metric.xlsx	5057	0.00 MB	result_or_log	.xlsx	no	1762091844	24ed9bdd6f9f
B_heads_2_depth_6_smoke_b_v2/result_metric.xlsx	5055	0.00 MB	result_or_log	.xlsx	no	1762091848	30b023775d9a
Braindecoder/braindecode-1.1.1/test/acceptance_tests/test_model_architectures.py	5053	0.00 MB	code	.py	no	1755342342	e61c58fe1c79
B_heads_2_depth_6_smoke_b/result_metric.xlsx	5047	0.00 MB	result_or_log	.xlsx	no	1762040569	afa9223a788a
Braindecoder/braindecode-1.1.1/examples/advanced_training/plot_moabb_benchmark.py	4979	0.00 MB	code	.py	no	1755342342	053577699b4f
Methodology/report_discussion_draft.md	4855	0.00 MB	document	.md	no	1773678258	469e3f22a7c0
scripts/prepare_rl_dataset.py	4809	0.00 MB	code	.py	no	1763926594	1e467181f820
outputs/8dir_comprehensive_test/d_diagonal_ur_dl.json	4593	0.00 MB	result_or_log	.json	no	1773185619	8033c0acd682
outputs/8dir_comprehensive_test/c_diagonal_ul_dr.json	4592	0.00 MB	result_or_log	.json	no	1773185610	60bd86ea794a
Braindecoder/braindecode-1.1.1/test/acceptance_tests/test_trialwise_decoding.py	4569	0.00 MB	code	.py	no	1755342342	0a38a42a0c83
Methodology/system_diagram.tex	4264	0.00 MB	document	.tex	no	1772591824	d4dd09331126
Braindecoder/braindecode-1.1.1/test/acceptance_tests/test_cropped_decoding.py	4224	0.00 MB	code	.py	no	1755342342	9322ec5b9fad
Braindecoder/braindecode-1.1.1/README.rst	4210	0.00 MB	document	.rst	no	1755342342	ba98862f96c3
Braindecoder/braindecode-1.1.1/examples/datasets_io/plot_tuh_discrete_multitarget.py	4192	0.00 MB	code	.py	no	1755342342	89f202891155
Braindecoder/braindecode-1.1.1/braindecode/datasets/sleep_physionet.py	4087	0.00 MB	code	.py	no	1755342342	8e2791c7abbe
Braindecoder/braindecode-1.1.1/test/unit_tests/datasets/test_bcicomp.py	4082	0.00 MB	code	.py	no	1755342342	8ecf33cac9d7
验证集与测试集差异说明.md	4069	0.00 MB	document	.md	no	1765341474	b530553b1142
scripts/train_ctnet_quick.py	4054	0.00 MB	code	.py	no	1765333927	38fa358c73d3
Braindecoder/braindecode-1.1.1/braindecode/models/hybrid.py	4024	0.00 MB	code	.py	no	1755342342	840f23c03dff
Braindecoder/braindecode-1.1.1/test/unit_tests/models/test_correctness.py	4022	0.00 MB	code	.py	no	1755342342	d4d7bdb67dfc
outputs/preprocessing/A01T/csp_filters.npy	4000	0.00 MB	dataset_or_signal	.npy	no	1772591825	94f42247f246
outputs/preprocessing/A01T/csp_patterns.npy	4000	0.00 MB	dataset_or_signal	.npy	no	1772591825	dbadb733458a
Braindecoder/braindecode-1.1.1/scripts/release_script.py	3854	0.00 MB	code	.py	no	1755342342	73bd8bce87fb
Braindecoder/braindecode-1.1.1/examples/datasets_io/plot_split_dataset.py	3762	0.00 MB	code	.py	no	1755342342	d4ca360a1ebd
Braindecoder/braindecode-1.1.1/braindecode/modules/layers.py	3724	0.00 MB	code	.py	no	1755342342	c3fb4019c9bc
Braindecoder/braindecode-1.1.1/braindecode/modules/blocks.py	3621	0.00 MB	code	.py	no	1755342342	404df81c183b
Braindecoder/braindecode-1.1.1/examples/datasets_io/plot_load_save_datasets.py	3605	0.00 MB	code	.py	no	1755342342	02e549837c86
Braindecoder/braindecode-1.1.1/test/unit_tests/datasets/test_nmt.py	3578	0.00 MB	code	.py	no	1755342342	7bbef7afad1c
Braindecoder/braindecode-1.1.1/braindecode/training/losses.py	3551	0.00 MB	code	.py	no	1755342342	132555644ff4
Braindecoder/braindecode-1.1.1/test/unit_tests/models/test_signal_jepa.py	3539	0.00 MB	code	.py	no	1755342342	a1e7335bb513
outputs/physionet_rl_control_log.txt	3488	0.00 MB	result_or_log	.txt	no	1772591824	306e5bec4eb1
Braindecoder/braindecode-1.1.1/test/acceptance_tests/test_variable_length_trials_decoding.py	3368	0.00 MB	code	.py	no	1755342342	c52a3a49a72f
Braindecoder/braindecode-1.1.1/docs/prepare_summary_tables.py	3291	0.00 MB	code	.py	no	1755342342	26d17c1ba912
logs/phase3_training_plan.md	3154	0.00 MB	document	.md	no	1762043068	75b9cb54072d
B_heads_2_depth_6_loso_b_low_aug_20251102_170254/run_metadata.json	3147	0.00 MB	structured_data_or_config	.json	no	1762227211	92751a34c1b9
A_heads_2_depth_6_loso_a_low_aug_20251102_170252/run_metadata.json	3130	0.00 MB	structured_data_or_config	.json	no	1762227211	2a7c3a6f9d52
outputs/eeg_physical_control/subject_5.json	3086	0.00 MB	result_or_log	.json	no	1773184737	ca7342874324
A_heads_2_depth_6_full_a_1762043947/run_metadata.json	3028	0.00 MB	structured_data_or_config	.json	no	1762046559	cf7a75961560
scripts/summarize_results.py	3011	0.00 MB	code	.py	no	1762042270	2b4d7eb3976e
outputs/test_small_radius/results.json	3002	0.00 MB	result_or_log	.json	no	1772591825	0122427b3f02
outputs/8dir_comprehensive_test/b_vertical.json	2991	0.00 MB	result_or_log	.json	no	1773185600	50f495f7a344
Braindecoder/braindecode-1.1.1/braindecode/datasets/xy.py	2986	0.00 MB	code	.py	no	1755342342	c53fa74bfe63
Braindecoder/braindecode-1.1.1/test/unit_tests/models/test_util.py	2977	0.00 MB	code	.py	no	1755342342	03663c9fae79
scripts/test_home_speed.py	2942	0.00 MB	code	.py	no	1773170089	97747c7f38a1
scripts/prepare_env_bundle.sh	2931	0.00 MB	code	.sh	no	1762097556	60aa82c0bad4
Braindecoder/braindecode-1.1.1/test/unit_tests/augmentation/test_functional.py	2868	0.00 MB	code	.py	no	1755342342	50c895eefc88
outputs/8dir_physical_test/8dir_physical_results.json	2860	0.00 MB	result_or_log	.json	no	1772591824	44ca5956bb1e
B_heads_2_depth_6_full_b_1762055916/run_metadata.json	2852	0.00 MB	structured_data_or_config	.json	no	1762057520	3ddb2b10c05d
outputs/eeg_physical_control/subject_6.json	2761	0.00 MB	result_or_log	.json	no	1773184743	892e3ee13438
scripts/convert_to_state_dict.py	2745	0.00 MB	code	.py	no	1765806514	bcd433a8d6c8
logs/phase3_summary.csv	2676	0.00 MB	structured_data_or_config	.csv	no	1762227211	bb14ef7e908c
Braindecoder/braindecode-1.1.1/braindecode/modules/util.py	2609	0.00 MB	code	.py	no	1755342342	b555c4873793
Braindecoder/braindecode-1.1.1/braindecode/models/__init__.py	2551	0.00 MB	code	.py	no	1755342342	c6fd503c42d9
outputs/filter_vs_ica_physionet/filter_vs_ica_physionet_results.json	2551	0.00 MB	result_or_log	.json	no	1774313065	033819cd4df3
Braindecoder/braindecode-1.1.1/test/unit_tests/models/test_functional.py	2439	0.00 MB	code	.py	no	1755342342	c71a3118943f
Braindecoder/braindecode-1.1.1/examples/datasets_io/plot_custom_dataset_example.py	2423	0.00 MB	code	.py	no	1755342342	42f7bc070936
Braindecoder/braindecode-1.1.1/braindecode/modules/wrapper.py	2421	0.00 MB	code	.py	no	1755342342	67e699e30c40
Braindecoder/braindecode-1.1.1/braindecode/modules/stats.py	2398	0.00 MB	code	.py	no	1755342342	113a991fa3cf
outputs/preprocessing/A01T/csp_metrics.json	2394	0.00 MB	result_or_log	.json	no	1772591825	05040614502e
outputs/preds.csv	2365	0.00 MB	result_or_log	.csv	no	1772591824	a7aaee9c67cc
outputs/physical_8dir_test/results.json	2359	0.00 MB	result_or_log	.json	no	1772570034	ad64588df264
Braindecoder/braindecode-1.1.1/docs/help.rst	2345	0.00 MB	document	.rst	no	1755342342	35271d5f9bb4
outputs/physionet_ctnet_log.txt	2285	0.00 MB	result_or_log	.txt	no	1772591824	b9c881061b3f
Braindecoder/braindecode-1.1.1/examples/datasets_io/plot_moabb_dataset_example.py	2253	0.00 MB	code	.py	no	1755342342	a8d2f3d02b05
Braindecoder/braindecode-1.1.1/docs/cite.rst	2230	0.00 MB	document	.rst	no	1755342342	b7781b810221
Braindecoder/braindecode-1.1.1/braindecode/preprocessing/mne_preprocess.py	2210	0.00 MB	code	.py	no	1755342342	fc97336a2b6a
outputs/preprocessing/A01T/ica_eog_summary.json	2170	0.00 MB	result_or_log	.json	no	1772591825	c06f76ca2e0d
Braindecoder/braindecode-1.1.1/docs/install/install_source.rst	2148	0.00 MB	document	.rst	no	1755342342	82e70334d160
outputs/eeg_physical_control/subject_2.json	2121	0.00 MB	result_or_log	.json	no	1773184701	0fa72b6f9c90
Braindecoder/braindecode-1.1.1/test/unit_tests/datasets/test_moabb.py	2083	0.00 MB	code	.py	no	1755342342	af8b13779e07
outputs/eeg_physical_control/subject_1.json	2067	0.00 MB	result_or_log	.json	no	1773184696	ea16999f8579
Braindecoder/braindecode-1.1.1/test/unit_tests/training/test_losses.py	2057	0.00 MB	code	.py	no	1755342342	889839d2a10d
Methodology/baseline_flow.tex	2036	0.00 MB	document	.tex	no	1765331085	f551f84fb4d3
outputs/8dir_smooth_test/sequence_diagonal.json	2033	0.00 MB	result_or_log	.json	no	1772591824	a3a7fa2ed6b4
Braindecoder/braindecode-1.1.1/docs/install/install.rst	1960	0.00 MB	document	.rst	no	1755342342	f96ef5e8e532
Braindecoder/braindecode-1.1.1/braindecode/visualization/gradients.py	1948	0.00 MB	code	.py	no	1755342342	a80b579ae5e4
Braindecoder/braindecode-1.1.1/examples/datasets_io/plot_mne_dataset_example.py	1945	0.00 MB	code	.py	no	1755342342	c222a3c2a613
check_gpu.py	1911	0.00 MB	code	.py	no	1765338305	60350fc768b4
Braindecoder/braindecode-1.1.1/braindecode/datautil/__init__.py	1797	0.00 MB	code	.py	no	1755342342	181f713ae754
Braindecoder/braindecode-1.1.1/test/unit_tests/datasets/test_sleep_physionet.py	1776	0.00 MB	code	.py	no	1755342342	1123736e14bd
Braindecoder/braindecode-1.1.1/braindecode/modules/__init__.py	1756	0.00 MB	code	.py	no	1755342342	3c3d8ba5e487
outputs/comparison_v1_v2_brainflow/unified_error_summary.json	1736	0.00 MB	result_or_log	.json	no	1773195994	e6eb63dad348
run_inference.py	1721	0.00 MB	code	.py	no	1765800048	c677610b300a
Braindecoder/braindecode-1.1.1/braindecode/modules/linear.py	1702	0.00 MB	code	.py	no	1755342342	a4d852514d2e
Braindecoder/braindecode-1.1.1/test/unit_tests/datasets/test_bids.py	1645	0.00 MB	code	.py	no	1755342342	9bd73e57fc36
A_heads_2_depth_6_smoke_a_v2/run_metadata.json	1636	0.00 MB	structured_data_or_config	.json	no	1762091844	5462ff6a99aa
B_heads_2_depth_6_smoke_b_v2/run_metadata.json	1606	0.00 MB	structured_data_or_config	.json	no	1762091848	1df11680bf20
Braindecoder/braindecode-1.1.1/test/unit_tests/visualization/test_gradients.py	1594	0.00 MB	code	.py	no	1755342342	c91ac5208844
Braindecoder/braindecode-1.1.1/LICENSE.txt	1525	0.00 MB	structured_data_or_config	.txt	no	1755342342	eeb83b93a872
Braindecoder/braindecode-1.1.1/test/unit_tests/augmentation/conftest.py	1497	0.00 MB	code	.py	no	1755342342	37e7d960cb2c
outputs/cv_full_report.txt	1471	0.00 MB	result_or_log	.txt	no	1772591824	2f530d20fc9a
Braindecoder/braindecode-1.1.1/braindecode/modules/activation.py	1466	0.00 MB	code	.py	no	1755342342	9533b6223656
Braindecoder/braindecode-1.1.1/docs/index.rst	1422	0.00 MB	document	.rst	no	1755342342	d7dcc7f1ef6e
scripts/download_physionet.py	1398	0.00 MB	code	.py	no	1773676192	6bef5cc483c4
logs/phase1_environment.md	1396	0.00 MB	document	.md	no	1762037976	1e3823c46aee
Braindecoder/braindecode-1.1.1/braindecode/functional/initialization.py	1388	0.00 MB	code	.py	no	1755342342	054482ef2d93
outputs/physionet_ctnet_109sub_v2/pool/model_pool.json	1372	0.00 MB	result_or_log	.json	no	1773267222	e50d1b97f6d4
Braindecoder/braindecode-1.1.1/test/dataset.py	1324	0.00 MB	code	.py	no	1755342342	04ac6ab47369
outputs/8dir_comprehensive_test/a_horizontal.json	1312	0.00 MB	result_or_log	.json	no	1773186871	4d4c3bead9ee
Braindecoder/braindecode-1.1.1/braindecode/modules/parametrization.py	1310	0.00 MB	code	.py	no	1755342342	b13bd5db5fac
outputs/physionet_no_filter/pool/metrics_pool.json	1203	0.00 MB	result_or_log	.json	no	1774313579	e1b1c2604e33
outputs/physionet_ctnet_109sub_v2/pool/metrics_pool.json	1193	0.00 MB	result_or_log	.json	no	1773267223	d33e42597309
Braindecoder/braindecode-1.1.1/examples/datasets_io/plot_bids_dataset_example.py	1190	0.00 MB	code	.py	no	1755342342	fa7f20c3de82
outputs/physionet_with_filter/pool/metrics_pool.json	1185	0.00 MB	result_or_log	.json	no	1774313663	35b01d9cd320
Braindecoder/braindecode-1.1.1/test/unit_tests/datautil/test_init.py	1036	0.00 MB	code	.py	no	1755342342	91bc0f7c8d5d
Braindecoder/braindecode-1.1.1/docs/install/install_pip.rst	1035	0.00 MB	document	.rst	no	1755342342	48f2559d9d69
outputs/eeg_physical_control/error_analysis.json	1004	0.00 MB	result_or_log	.json	no	1773184744	5cae8108f314
Braindecoder/braindecode-1.1.1/braindecode/augmentation/__init__.py	1001	0.00 MB	code	.py	no	1755342342	2c6ece36a0ae
Braindecoder/braindecode-1.1.1/docs/_templates/autosummary/class.rst	973	0.00 MB	document	.rst	no	1755342342	35cf2ca52cc1
Braindecoder/braindecode-1.1.1/braindecode/datasets/__init__.py	891	0.00 MB	code	.py	no	1755342342	09397cb9c6c6
logs/phase2_data_preparation.md	880	0.00 MB	document	.md	no	1762036252	e55e51be1bef
A_heads_2_depth_6_loso_a_resume_20251102_160809/run_metadata.json	873	0.00 MB	structured_data_or_config	.json	no	1762101068	266faf23262e
安装依赖.sh	867	0.00 MB	code	.sh	no	1765338311	51bc6040aa0b
Braindecoder/braindecode-1.1.1/braindecode/training/callbacks.py	839	0.00 MB	code	.py	no	1755342342	2ea5eacc977a
outputs/eeg_physical_control/error_analysis_endpoint.json	821	0.00 MB	result_or_log	.json	no	1773196058	74de01e1efd9
A_heads_2_depth_6_loso_a_20251102_143037/run_metadata.json	798	0.00 MB	structured_data_or_config	.json	no	1762095208	b2961ce391d0
Braindecoder/braindecode-1.1.1/braindecode/preprocessing/__init__.py	776	0.00 MB	code	.py	no	1755342342	5748b07736fa
Braindecoder/braindecode-1.1.1/docs/sphinxext/gh_substitutions.py	776	0.00 MB	code	.py	no	1755342342	e5f0453f76bb
outputs/preprocessing/A01T/rl_dataset_meta.json	764	0.00 MB	result_or_log	.json	no	1772591825	ef8f140edfba
Braindecoder/braindecode-1.1.1/test/unit_tests/datasets/test_xy.py	749	0.00 MB	code	.py	no	1755342342	d63f0dca56aa
Braindecoder/braindecode-1.1.1/braindecode/datautil/util.py	674	0.00 MB	code	.py	no	1755342342	65f0e8c4b89e
Braindecoder/braindecode-1.1.1/docs/_static/versions.json	673	0.00 MB	structured_data_or_config	.json	no	1755342342	f0da797e6cec
Braindecoder/braindecode-1.1.1/test/unit_tests/datasets/test_bbci.py	666	0.00 MB	code	.py	no	1755342342	328fbc1795fc
Braindecoder/braindecode-1.1.1/NOTICE.txt	620	0.00 MB	structured_data_or_config	.txt	no	1755342342	b0ec6e4db6a5
outputs/physionet_no_filter/pool/model_pool.json	568	0.00 MB	result_or_log	.json	no	1774313579	b0e4e6db61e4
outputs/physionet_with_filter/pool/model_pool.json	568	0.00 MB	result_or_log	.json	no	1774313663	d4ff0f115947
requirements-no-torch.txt	563	0.00 MB	structured_data_or_config	.txt	no	1765808292	9f2511bf6a08
Braindecoder/braindecode-1.1.1/test/unit_tests/datautil/test_util.py	541	0.00 MB	code	.py	no	1755342342	ed83e194e9ec
Braindecoder/braindecode-1.1.1/braindecode/training/__init__.py	523	0.00 MB	code	.py	no	1755342342	b31b5f23a320
outputs/preprocessing/A01T/csp_metadata.json	475	0.00 MB	result_or_log	.json	no	1772591825	433691815d19
outputs/physionet_no_filter/pool/pool_per_subject.json	467	0.00 MB	result_or_log	.json	no	1774313579	1dab21286d5f
outputs/physionet_with_filter/pool/pool_per_subject.json	465	0.00 MB	result_or_log	.json	no	1774313663	d54a89d00ecf
Braindecoder/braindecode-1.1.1/braindecode/samplers/__init__.py	452	0.00 MB	code	.py	no	1755342342	4cbb8eea05ef
outputs/8dir_smooth_test/single_left.json	439	0.00 MB	result_or_log	.json	no	1772591824	4b9499755004
Methodology/report_discussion_draft.md.metadata.json	430	0.00 MB	structured_data_or_config	.json	no	1773678258	bb70a285eaf0
ica_comparison/comparison_result.json	430	0.00 MB	result_or_log	.json	no	1765353302	a102bbe7b8d0
Braindecoder/braindecode-1.1.1/braindecode/functional/__init__.py	413	0.00 MB	code	.py	no	1755342342	24f50315e2ad
outputs/8dir_physical_test/diagonal/8dir_physical_results.json	391	0.00 MB	result_or_log	.json	no	1772591824	c08199bcea03
outputs/8dir_smooth_test/single_up_right.json	376	0.00 MB	result_or_log	.json	no	1772591824	097b8d446273
outputs/8dir_comprehensive_test_v2/summary.json	343	0.00 MB	result_or_log	.json	no	1773195065	87a9dbf0d35c
Braindecoder/braindecode-1.1.1/examples/README.rst	298	0.00 MB	document	.rst	no	1755342342	7d5149eb2c24
torchsummary/__init__.py	294	0.00 MB	code	.py	no	1765333669	9fd046171d39
outputs/8dir_comprehensive_test/summary.json	246	0.00 MB	result_or_log	.json	no	1773185659	3ab70a843783
Braindecoder/braindecode-1.1.1/braindecode/visualization/__init__.py	240	0.00 MB	code	.py	no	1755342342	e04111ff11ea
Braindecoder/braindecode-1.1.1/docs/_templates/autosummary/function.rst	186	0.00 MB	document	.rst	no	1755342342	bceef00185d9
Braindecoder/braindecode-1.1.1/examples/applied_examples/README.txt	184	0.00 MB	structured_data_or_config	.txt	no	1755342342	bbdbde60416e
Braindecoder/braindecode-1.1.1/braindecode/__init__.py	182	0.00 MB	code	.py	no	1755342342	01cdcb104c88
Braindecoder/braindecode-1.1.1/examples/advanced_training/README.txt	170	0.00 MB	structured_data_or_config	.txt	no	1755342342	6a4fd4490b26
Braindecoder/braindecode-1.1.1/examples/model_building/README.txt	143	0.00 MB	structured_data_or_config	.txt	no	1755342342	8b3d2c7e35e8
Braindecoder/braindecode-1.1.1/docs/requirements.txt	128	0.00 MB	structured_data_or_config	.txt	no	1755342342	4cef9184022a
Braindecoder/braindecode-1.1.1/examples/datasets_io/README.txt	119	0.00 MB	structured_data_or_config	.txt	no	1755342342	ef6b4c9f9ca4
outputs/physionet_no_filter/pool/norm_params.json	62	0.00 MB	result_or_log	.json	no	1774313579	6068830f6c87
outputs/physionet_with_filter/pool/norm_params.json	62	0.00 MB	result_or_log	.json	no	1774313663	ceb9df215cf3
Braindecoder/braindecode-1.1.1/braindecode/version.py	22	0.00 MB	code	.py	no	1755342342	abcff90b47fe
mymat_raw/A01E.mat	50688544	48.34 MB	dataset_or_signal	.mat	yes	1770770652	7655e7c29167
mymat_raw/A01T.mat	50688544	48.34 MB	dataset_or_signal	.mat	yes	1770770652	8e5264986bb7
mymat_raw/A02E.mat	50688544	48.34 MB	dataset_or_signal	.mat	yes	1770770652	0eaebbd2df0f
mymat_raw/A02T.mat	50688544	48.34 MB	dataset_or_signal	.mat	yes	1770770652	a5006be50f9c
mymat_raw/A03E.mat	50688544	48.34 MB	dataset_or_signal	.mat	yes	1770770652	0c6ee660bfe1
mymat_raw/A03T.mat	50688544	48.34 MB	dataset_or_signal	.mat	yes	1770770652	92b846fa07e2
mymat_raw/A04E.mat	50688544	48.34 MB	dataset_or_signal	.mat	yes	1770770652	30c29308f0c6
mymat_raw/A04T.mat	50688544	48.34 MB	dataset_or_signal	.mat	yes	1770770652	faee368d02a2
mymat_raw/A05E.mat	50688544	48.34 MB	dataset_or_signal	.mat	yes	1770770653	106ef7271cbd
mymat_raw/A05T.mat	50688544	48.34 MB	dataset_or_signal	.mat	yes	1770770653	67badec2acb7
mymat_raw/A06E.mat	50688544	48.34 MB	dataset_or_signal	.mat	yes	1770770653	6553ce6315e3
mymat_raw/A06T.mat	50688544	48.34 MB	dataset_or_signal	.mat	yes	1770770653	4310a077e834
mymat_raw/A07E.mat	50688544	48.34 MB	dataset_or_signal	.mat	yes	1770770653	872c72cf1d05
mymat_raw/A07T.mat	50688544	48.34 MB	dataset_or_signal	.mat	yes	1770770653	52c7496617d9
mymat_raw/A08E.mat	50688544	48.34 MB	dataset_or_signal	.mat	yes	1770770653	30e1f48bce17
mymat_raw/A08T.mat	50688544	48.34 MB	dataset_or_signal	.mat	yes	1770770653	de687e81b34d
mymat_raw/A09E.mat	50688544	48.34 MB	dataset_or_signal	.mat	yes	1770770653	2f91a9448081
mymat_raw/A09T.mat	50688544	48.34 MB	dataset_or_signal	.mat	yes	1770770653	460639cf253e
control.webm	14162897	13.51 MB	video	.webm	yes	1761524068	d582ef22dc6e
CTNet_2a_latest.ipynb	2210368	2.11 MB	code	.ipynb	yes	1761524068	134be78edd3c
CTNet_2a_modified.ipynb	573803	0.55 MB	code	.ipynb	yes	1761524068	d3317d1a62fd
Risk Assessment.pdf	230797	0.22 MB	document	.pdf	yes	1761524068	f10d803318a9
Conformer_fine_tune_2a_77.66_2b_85.87.ipynb	162643	0.16 MB	code	.ipynb	yes	1761524068	6c7f4656a144
CTNet_A_heads_2_depth_6_1753840888/model_1.pth	157463	0.15 MB	model_or_pickle	.pth	yes	1770770652	d5fe89ddbf72
archive/old_results/20251102_003634/CTNet_A_heads_2_depth_6_1753840888/model_1.pth	157463	0.15 MB	model_or_pickle	.pth	yes	1761524068	d5fe89ddbf72
main_cross_subject_LOSO.ipynb	139456	0.13 MB	code	.ipynb	yes	1761524068	c861ef3eeec4
subject_A01_trajectory.png	132169	0.13 MB	image_or_figure	.png	yes	1761524069	3f7ee0a0ca71
CTNet_2a_cpu.ipynb	117311	0.11 MB	code	.ipynb	yes	1761524068	c55f278d8aa4
comparison_plot_fixed.png	117094	0.11 MB	image_or_figure	.png	yes	1761524068	618a5ae65732
Project Outline.pdf	99180	0.09 MB	document	.pdf	yes	1761524068	dcebdf8c5be8
manipulator.png	83870	0.08 MB	image_or_figure	.png	yes	1761524068	daab9380f603
Ubuntu_Results.png	67217	0.06 MB	image_or_figure	.png	yes	1761524068	6ab0b054b503
Imagined left and right hand movement.jpg	44366	0.04 MB	image_or_figure	.jpg	yes	1761524068	214a24eae21e
main_subject_specific.py	32406	0.03 MB	code	.py	yes	1765806521	536d6ab46f26
demo_frame_down.png	31621	0.03 MB	image_or_figure	.png	yes	1761524068	77b21b22793f
demo_frame_abort.png	31221	0.03 MB	image_or_figure	.png	yes	1761524068	e857e78a1c73
Electrode montage corresponding to the international 10-20 system.jpg	31160	0.03 MB	image_or_figure	.jpg	yes	1761524068	b91281df8e51
temp.txt	29267	0.03 MB	structured_data_or_config	.txt	yes	1761524069	0f2fbde8cb91
Timing scheme of the paradigm.jpg	23908	0.02 MB	image_or_figure	.jpg	yes	1761524068	5536c0773139
control.py	7249	0.01 MB	code	.py	yes	1761524068	10a2e8c86722
bci_error_rates_tested_trials.xlsx	5239	0.00 MB	structured_data_or_config	.xlsx	yes	1761524068	9443f5b9ec4d
other models.py	4647	0.00 MB	code	.py	yes	1761524069	c7e9cdf308d9
preprocess_2b.py	3915	0.00 MB	code	.py	yes	1762036208	032c87526ba6
plot_figures/confusion_matrix.py	3298	0.00 MB	code	.py	yes	1761524069	53d27206af05
prepare_dataset.py	3024	0.00 MB	code	.py	yes	1761524069	eee7219a1a27
plot_figures/heads.py	2925	0.00 MB	code	.py	yes	1761524069	01aa590e9527
plot_figures/depth.py	2881	0.00 MB	code	.py	yes	1761524069	fa3e463c7f31
plot_figures/length.py	1653	0.00 MB	code	.py	yes	1761524069	292f505d672d
bci_error_rates_tested_trials.csv	233	0.00 MB	structured_data_or_config	.csv	yes	1761524068	f481c8a66ff6
